Country	variable	value
OECD	Indicator_1_1	0.01312
Australia	Indicator_1_1	0.00914
Austria	Indicator_1_1	0.00385
Belgium	Indicator_1_1	0.00562
Canada	Indicator_1_1	0.0096
Switzerland	Indicator_1_1	0.00535
Chile	Indicator_1_1	0.01494
Czech Republic	Indicator_1_1	0.02071
Germany	Indicator_1_1	0.01053
Denmark	Indicator_1_1	0.0104
Spain	Indicator_1_1	0.01131
Estonia	Indicator_1_1	0.03407
Finland	Indicator_1_1	0.00052
France	Indicator_1_1	0.00596
United Kingdom	Indicator_1_1	0.0133
Grèce	Indicator_1_1	-0.01027
Hungary	Indicator_1_1	0.02738
Ireland	Indicator_1_1	0.06925
Iceland	Indicator_1_1	0.02601
Israel	Indicator_1_1	0.01443
Italy	Indicator_1_1	-0.00277
Japan	Indicator_1_1	0.01461
Korea	Indicator_1_1	0.02376
Lithuania	Indicator_1_1	0.04445
Luxembourg	Indicator_1_1	0.00215
Latvia	Indicator_1_1	0.04034
Mexico	Indicator_1_1	0.0156
Netherlands	Indicator_1_1	0.00858
Norway	Indicator_1_1	0.00742
New Zealand	Indicator_1_1	0.01546
Poland	Indicator_1_1	0.03044
Portugal	Indicator_1_1	0.00766
Slovak Republic	Indicator_1_1	0.026
Slovenia	Indicator_1_1	0.01457
Sweden	Indicator_1_1	0.01066
Turkey	Indicator_1_1	0.04678
United States	Indicator_1_1	0.01462
OECD	Evo_Indicator_1_1	-0.0043
Australia	Evo_Indicator_1_1	-0.0125
Austria	Evo_Indicator_1_1	-0.0139
Belgium	Evo_Indicator_1_1	-0.0106
Canada	Evo_Indicator_1_1	-0.0054
Switzerland	Evo_Indicator_1_1	-0.01
Chile	Evo_Indicator_1_1	-0.0233
Czech Republic	Evo_Indicator_1_1	-0.0242
Germany	Evo_Indicator_1_1	-0.0042
Denmark	Evo_Indicator_1_1	-0.0027
Spain	Evo_Indicator_1_1	-0.0082
Estonia	Evo_Indicator_1_1	-0.0488
Finland	Evo_Indicator_1_1	-0.028
France	Evo_Indicator_1_1	-0.0058
United Kingdom	Evo_Indicator_1_1	-0.0083
Grèce	Evo_Indicator_1_1	-0.0475
Hungary	Evo_Indicator_1_1	-0.0118
Ireland	Evo_Indicator_1_1	0.0358
Iceland	Evo_Indicator_1_1	-0.0096
Israel	Evo_Indicator_1_1	0.0031
Italy	Evo_Indicator_1_1	-0.0098
Japan	Evo_Indicator_1_1	0.0031
Korea	Evo_Indicator_1_1	-0.02
Lithuania	Evo_Indicator_1_1	-0.0486
Luxembourg	Evo_Indicator_1_1	-0.024
Latvia	Evo_Indicator_1_1	-0.0608
Mexico	Evo_Indicator_1_1	0.0079
Netherlands	Evo_Indicator_1_1	-0.0071
Norway	Evo_Indicator_1_1	-0.0091
New Zealand	Evo_Indicator_1_1	-0.0086
Poland	Evo_Indicator_1_1	-0.0109
Portugal	Evo_Indicator_1_1	-8e-04
Slovak Republic	Evo_Indicator_1_1	-0.0375
Slovenia	Evo_Indicator_1_1	-0.0268
Sweden	Evo_Indicator_1_1	-0.0151
Turkey	Evo_Indicator_1_1	0.0085
United States	Evo_Indicator_1_1	-9e-04
OECD	Year_Indicator_1_1	2011-2017
Australia	Year_Indicator_1_1	2011-2017
Austria	Year_Indicator_1_1	2011-2017
Belgium	Year_Indicator_1_1	2011-2017
Canada	Year_Indicator_1_1	2011-2017
Switzerland	Year_Indicator_1_1	2011-2017
Chile	Year_Indicator_1_1	2011-2017
Czech Republic	Year_Indicator_1_1	2011-2017
Germany	Year_Indicator_1_1	2011-2017
Denmark	Year_Indicator_1_1	2011-2017
Spain	Year_Indicator_1_1	2011-2017
Estonia	Year_Indicator_1_1	2011-2017
Finland	Year_Indicator_1_1	2011-2017
France	Year_Indicator_1_1	2011-2017
United Kingdom	Year_Indicator_1_1	2011-2017
Grèce	Year_Indicator_1_1	2011-2017
Hungary	Year_Indicator_1_1	2011-2017
Ireland	Year_Indicator_1_1	2011-2017
Iceland	Year_Indicator_1_1	2011-2017
Israel	Year_Indicator_1_1	2011-2017
Italy	Year_Indicator_1_1	2011-2017
Japan	Year_Indicator_1_1	2011-2017
Korea	Year_Indicator_1_1	2011-2017
Lithuania	Year_Indicator_1_1	2011-2017
Luxembourg	Year_Indicator_1_1	2011-2017
Latvia	Year_Indicator_1_1	2011-2017
Mexico	Year_Indicator_1_1	2011-2017
Netherlands	Year_Indicator_1_1	2011-2017
Norway	Year_Indicator_1_1	2011-2017
New Zealand	Year_Indicator_1_1	2011-2017
Poland	Year_Indicator_1_1	2011-2017
Portugal	Year_Indicator_1_1	2011-2017
Slovak Republic	Year_Indicator_1_1	2011-2017
Slovenia	Year_Indicator_1_1	2011-2017
Sweden	Year_Indicator_1_1	2011-2017
Turkey	Year_Indicator_1_1	2011-2017
United States	Year_Indicator_1_1	2011-2017
OECD	Indicator_1_2	0.0147
Australia	Indicator_1_2	0.0114
Austria	Indicator_1_2	-4e-04
Belgium	Indicator_1_2	0.0146
Canada	Indicator_1_2	0.0116
Switzerland	Indicator_1_2	NA
Chile	Indicator_1_2	0.0574
Czech Republic	Indicator_1_2	0.0132
Germany	Indicator_1_2	0.0127
Denmark	Indicator_1_2	4e-04
Spain	Indicator_1_2	-0.0134
Estonia	Indicator_1_2	NA
Finland	Indicator_1_2	-0.0017
France	Indicator_1_2	-0.0021
United Kingdom	Indicator_1_2	0.0122
Grèce	Indicator_1_2	-0.042
Hungary	Indicator_1_2	0.0635
Ireland	Indicator_1_2	0.0317
Iceland	Indicator_1_2	0.0192
Israel	Indicator_1_2	0.0406
Italy	Indicator_1_2	-0.005
Japan	Indicator_1_2	-0.0126
Korea	Indicator_1_2	0.0242
Lithuania	Indicator_1_2	0.0565
Luxembourg	Indicator_1_2	-0.0029
Latvia	Indicator_1_2	0.0755
Mexico	Indicator_1_2	-0.014
Netherlands	Indicator_1_2	0.0126
Norway	Indicator_1_2	0.0163
New Zealand	Indicator_1_2	0.0258
Poland	Indicator_1_2	0.0299
Portugal	Indicator_1_2	0.0055
Slovak Republic	Indicator_1_2	-0.014
Slovenia	Indicator_1_2	-0.0087
Sweden	Indicator_1_2	0.019
Turkey	Indicator_1_2	0.0421
United States	Indicator_1_2	0.0194
OECD	Evo_Indicator_1_2	0.0255
Australia	Evo_Indicator_1_2	0.004
Austria	Evo_Indicator_1_2	-0.0106
Belgium	Evo_Indicator_1_2	0.012
Canada	Evo_Indicator_1_2	-0.0052
Switzerland	Evo_Indicator_1_2	NA
Chile	Evo_Indicator_1_2	0.0574
Czech Republic	Evo_Indicator_1_2	0.0082
Germany	Evo_Indicator_1_2	0.0146
Denmark	Evo_Indicator_1_2	NA
Spain	Evo_Indicator_1_2	0.0232
Estonia	Evo_Indicator_1_2	NA
Finland	Evo_Indicator_1_2	-0.0169
France	Evo_Indicator_1_2	0.0019
United Kingdom	Evo_Indicator_1_2	0.0275
Grèce	Evo_Indicator_1_2	0.0596
Hungary	Evo_Indicator_1_2	0.0889
Ireland	Evo_Indicator_1_2	0.0982
Iceland	Evo_Indicator_1_2	0.0937
Israel	Evo_Indicator_1_2	0.0222
Italy	Evo_Indicator_1_2	0.0182
Japan	Evo_Indicator_1_2	-0.0126
Korea	Evo_Indicator_1_2	0.0114
Lithuania	Evo_Indicator_1_2	0.1139
Luxembourg	Evo_Indicator_1_2	0.0023
Latvia	Evo_Indicator_1_2	0.1581
Mexico	Evo_Indicator_1_2	0.031
Netherlands	Evo_Indicator_1_2	0.0202
Norway	Evo_Indicator_1_2	0.002
New Zealand	Evo_Indicator_1_2	0.0355
Poland	Evo_Indicator_1_2	-0.0187
Portugal	Evo_Indicator_1_2	0.0254
Slovak Republic	Evo_Indicator_1_2	-0.0636
Slovenia	Evo_Indicator_1_2	-0.0036
Sweden	Evo_Indicator_1_2	-0.0107
Turkey	Evo_Indicator_1_2	0.0279
United States	Evo_Indicator_1_2	0.0283
OECD	Year_Indicator_1_2	2011-latest
Australia	Year_Indicator_1_2	2011-latest
Austria	Year_Indicator_1_2	2011-latest
Belgium	Year_Indicator_1_2	2011-latest
Canada	Year_Indicator_1_2	2011-latest
Switzerland	Year_Indicator_1_2	2011-latest
Chile	Year_Indicator_1_2	2011-latest
Czech Republic	Year_Indicator_1_2	2011-latest
Germany	Year_Indicator_1_2	2011-latest
Denmark	Year_Indicator_1_2	2011-latest
Spain	Year_Indicator_1_2	2011-latest
Estonia	Year_Indicator_1_2	2011-latest
Finland	Year_Indicator_1_2	2011-latest
France	Year_Indicator_1_2	2011-latest
United Kingdom	Year_Indicator_1_2	2011-latest
Grèce	Year_Indicator_1_2	2011-latest
Hungary	Year_Indicator_1_2	2011-latest
Ireland	Year_Indicator_1_2	2011-latest
Iceland	Year_Indicator_1_2	2011-latest
Israel	Year_Indicator_1_2	2011-latest
Italy	Year_Indicator_1_2	2011-latest
Japan	Year_Indicator_1_2	2011-latest
Korea	Year_Indicator_1_2	2011-latest
Lithuania	Year_Indicator_1_2	2011-latest
Luxembourg	Year_Indicator_1_2	2011-latest
Latvia	Year_Indicator_1_2	2011-latest
Mexico	Year_Indicator_1_2	2011-latest
Netherlands	Year_Indicator_1_2	2011-latest
Norway	Year_Indicator_1_2	2011-latest
New Zealand	Year_Indicator_1_2	2011-latest
Poland	Year_Indicator_1_2	2011-latest
Portugal	Year_Indicator_1_2	2011-latest
Slovak Republic	Year_Indicator_1_2	2011-latest
Slovenia	Year_Indicator_1_2	2011-latest
Sweden	Year_Indicator_1_2	2011-latest
Turkey	Year_Indicator_1_2	2011-latest
United States	Year_Indicator_1_2	2011-latest
OECD	Indicator_1_3	5.40258
Australia	Indicator_1_3	5.48612
Austria	Indicator_1_3	4.46798
Belgium	Indicator_1_3	3.93067
Canada	Indicator_1_3	5.06391
Switzerland	Indicator_1_3	4.49326
Chile	Indicator_1_3	10.03382
Czech Republic	Indicator_1_3	3.5554
Germany	Indicator_1_3	4.53576
Denmark	Indicator_1_3	3.72568
Spain	Indicator_1_3	6.49015
Estonia	Indicator_1_3	5.34273
Finland	Indicator_1_3	3.68097
France	Indicator_1_3	4.34087
United Kingdom	Indicator_1_3	6.00374
Grèce	Indicator_1_3	6.00676
Hungary	Indicator_1_3	4.46792
Ireland	Indicator_1_3	4.51829
Iceland	Indicator_1_3	3.61472
Israel	Indicator_1_3	6.52246
Italy	Indicator_1_3	5.93356
Japan	Indicator_1_3	6.22395
Korea	Indicator_1_3	5.10874
Lithuania	Indicator_1_3	7.49799
Luxembourg	Indicator_1_3	4.8731
Latvia	Indicator_1_3	6.40766
Mexico	Indicator_1_3	10.42895
Netherlands	Indicator_1_3	4.28235
Norway	Indicator_1_3	3.94994
New Zealand	Indicator_1_3	5.76624
Poland	Indicator_1_3	4.41547
Portugal	Indicator_1_3	5.6179
Slovak Republic	Indicator_1_3	3.65699
Slovenia	Indicator_1_3	3.56861
Sweden	Indicator_1_3	4.21905
Turkey	Indicator_1_3	7.75247
United States	Indicator_1_3	8.50856
OECD	Evo_Indicator_1_3	-0.0166
Australia	Evo_Indicator_1_3	-0.035
Austria	Evo_Indicator_1_3	0.112
Belgium	Evo_Indicator_1_3	-0.1033
Canada	Evo_Indicator_1_3	-0.1782
Switzerland	Evo_Indicator_1_3	0.0472
Chile	Evo_Indicator_1_3	-1.2172
Czech Republic	Evo_Indicator_1_3	-0.1056
Germany	Evo_Indicator_1_3	0.1569
Denmark	Evo_Indicator_1_3	0.1717
Spain	Evo_Indicator_1_3	0.1524
Estonia	Evo_Indicator_1_3	-0.1663
Finland	Evo_Indicator_1_3	-0.1362
France	Evo_Indicator_1_3	-0.3239
United Kingdom	Evo_Indicator_1_3	0.1071
Grèce	Evo_Indicator_1_3	-0.1506
Hungary	Evo_Indicator_1_3	-0.0642
Ireland	Evo_Indicator_1_3	-0.3366
Iceland	Evo_Indicator_1_3	0.0305
Israel	Evo_Indicator_1_3	-0.7429
Italy	Evo_Indicator_1_3	0.2197
Japan	Evo_Indicator_1_3	0.156
Korea	Evo_Indicator_1_3	-0.4307
Lithuania	Evo_Indicator_1_3	2.1545
Luxembourg	Evo_Indicator_1_3	0.829
Latvia	Evo_Indicator_1_3	0.1704
Mexico	Evo_Indicator_1_3	-1.0336
Netherlands	Evo_Indicator_1_3	0.0345
Norway	Evo_Indicator_1_3	0.2237
New Zealand	Evo_Indicator_1_3	0.5779
Poland	Evo_Indicator_1_3	-0.3114
Portugal	Evo_Indicator_1_3	-0.0336
Slovak Republic	Evo_Indicator_1_3	-0.2284
Slovenia	Evo_Indicator_1_3	-0.0122
Sweden	Evo_Indicator_1_3	0.0742
Turkey	Evo_Indicator_1_3	-0.2448
United States	Evo_Indicator_1_3	0.0392
OECD	Year_Indicator_1_3	2016
Australia	Year_Indicator_1_3	2016
Austria	Year_Indicator_1_3	2016
Belgium	Year_Indicator_1_3	2016
Canada	Year_Indicator_1_3	2016
Switzerland	Year_Indicator_1_3	2015
Chile	Year_Indicator_1_3	2015
Czech Republic	Year_Indicator_1_3	2016
Germany	Year_Indicator_1_3	2015
Denmark	Year_Indicator_1_3	2015
Spain	Year_Indicator_1_3	2016
Estonia	Year_Indicator_1_3	2016
Finland	Year_Indicator_1_3	2016
France	Year_Indicator_1_3	2016
United Kingdom	Year_Indicator_1_3	2016
Grèce	Year_Indicator_1_3	2016
Hungary	Year_Indicator_1_3	2014
Ireland	Year_Indicator_1_3	2015
Iceland	Year_Indicator_1_3	2015
Israel	Year_Indicator_1_3	2016
Italy	Year_Indicator_1_3	2016
Japan	Year_Indicator_1_3	2015
Korea	Year_Indicator_1_3	2015
Lithuania	Year_Indicator_1_3	2016
Luxembourg	Year_Indicator_1_3	2016
Latvia	Year_Indicator_1_3	2016
Mexico	Year_Indicator_1_3	2014
Netherlands	Year_Indicator_1_3	2016
Norway	Year_Indicator_1_3	2016
New Zealand	Year_Indicator_1_3	2014
Poland	Year_Indicator_1_3	2016
Portugal	Year_Indicator_1_3	2016
Slovak Republic	Year_Indicator_1_3	2016
Slovenia	Year_Indicator_1_3	2016
Sweden	Year_Indicator_1_3	2016
Turkey	Year_Indicator_1_3	2015
United States	Year_Indicator_1_3	2016
OECD	Indicator_1_4	0.0245
Australia	Indicator_1_4	0.0489
Austria	Indicator_1_4	0.0101
Belgium	Indicator_1_4	0.0568
Canada	Indicator_1_4	0.0336
Switzerland	Indicator_1_4	NA
Chile	Indicator_1_4	-1e-04
Czech Republic	Indicator_1_4	NA
Germany	Indicator_1_4	0.0054
Denmark	Indicator_1_4	-0.0865
Spain	Indicator_1_4	0.0692
Estonia	Indicator_1_4	0.0377
Finland	Indicator_1_4	0.0218
France	Indicator_1_4	0.0268
United Kingdom	Indicator_1_4	0.0328
Grèce	Indicator_1_4	0.0525
Hungary	Indicator_1_4	0.0502
Ireland	Indicator_1_4	-0.0206
Iceland	Indicator_1_4	NA
Israel	Indicator_1_4	NA
Italy	Indicator_1_4	0.0453
Japan	Indicator_1_4	NA
Korea	Indicator_1_4	0.0599
Lithuania	Indicator_1_4	NA
Luxembourg	Indicator_1_4	0.0388
Latvia	Indicator_1_4	-2e-04
Mexico	Indicator_1_4	NA
Netherlands	Indicator_1_4	-0.0688
Norway	Indicator_1_4	-0.03
New Zealand	Indicator_1_4	0.0315
Poland	Indicator_1_4	0.0623
Portugal	Indicator_1_4	NA
Slovak Republic	Indicator_1_4	0.1056
Slovenia	Indicator_1_4	0.0563
Sweden	Indicator_1_4	NA
Turkey	Indicator_1_4	NA
United States	Indicator_1_4	-0.0014
OECD	Evo_Indicator_1_4	-0.011
Australia	Evo_Indicator_1_4	-0.0019
Austria	Evo_Indicator_1_4	0.0029
Belgium	Evo_Indicator_1_4	0.009
Canada	Evo_Indicator_1_4	0.0011
Switzerland	Evo_Indicator_1_4	NA
Chile	Evo_Indicator_1_4	-0.0119
Czech Republic	Evo_Indicator_1_4	NA
Germany	Evo_Indicator_1_4	-0.0032
Denmark	Evo_Indicator_1_4	NA
Spain	Evo_Indicator_1_4	0
Estonia	Evo_Indicator_1_4	NA
Finland	Evo_Indicator_1_4	NA
France	Evo_Indicator_1_4	NA
United Kingdom	Evo_Indicator_1_4	-0.0093
Grèce	Evo_Indicator_1_4	NA
Hungary	Evo_Indicator_1_4	NA
Ireland	Evo_Indicator_1_4	NA
Iceland	Evo_Indicator_1_4	NA
Israel	Evo_Indicator_1_4	NA
Italy	Evo_Indicator_1_4	-0.0031
Japan	Evo_Indicator_1_4	NA
Korea	Evo_Indicator_1_4	NA
Lithuania	Evo_Indicator_1_4	NA
Luxembourg	Evo_Indicator_1_4	3e-04
Latvia	Evo_Indicator_1_4	NA
Mexico	Evo_Indicator_1_4	NA
Netherlands	Evo_Indicator_1_4	NA
Norway	Evo_Indicator_1_4	0.0059
New Zealand	Evo_Indicator_1_4	NA
Poland	Evo_Indicator_1_4	NA
Portugal	Evo_Indicator_1_4	NA
Slovak Republic	Evo_Indicator_1_4	-0.0301
Slovenia	Evo_Indicator_1_4	NA
Sweden	Evo_Indicator_1_4	NA
Turkey	Evo_Indicator_1_4	NA
United States	Evo_Indicator_1_4	0.0022
OECD	Year_Indicator_1_4	latest
Australia	Year_Indicator_1_4	latest
Austria	Year_Indicator_1_4	latest
Belgium	Year_Indicator_1_4	latest
Canada	Year_Indicator_1_4	latest
Switzerland	Year_Indicator_1_4	latest
Chile	Year_Indicator_1_4	latest
Czech Republic	Year_Indicator_1_4	latest
Germany	Year_Indicator_1_4	latest
Denmark	Year_Indicator_1_4	latest
Spain	Year_Indicator_1_4	latest
Estonia	Year_Indicator_1_4	latest
Finland	Year_Indicator_1_4	latest
France	Year_Indicator_1_4	latest
United Kingdom	Year_Indicator_1_4	latest
Grèce	Year_Indicator_1_4	latest
Hungary	Year_Indicator_1_4	latest
Ireland	Year_Indicator_1_4	latest
Iceland	Year_Indicator_1_4	latest
Israel	Year_Indicator_1_4	latest
Italy	Year_Indicator_1_4	latest
Japan	Year_Indicator_1_4	latest
Korea	Year_Indicator_1_4	latest
Lithuania	Year_Indicator_1_4	latest
Luxembourg	Year_Indicator_1_4	latest
Latvia	Year_Indicator_1_4	latest
Mexico	Year_Indicator_1_4	latest
Netherlands	Year_Indicator_1_4	latest
Norway	Year_Indicator_1_4	latest
New Zealand	Year_Indicator_1_4	latest
Poland	Year_Indicator_1_4	latest
Portugal	Year_Indicator_1_4	latest
Slovak Republic	Year_Indicator_1_4	latest
Slovenia	Year_Indicator_1_4	latest
Sweden	Year_Indicator_1_4	latest
Turkey	Year_Indicator_1_4	latest
United States	Year_Indicator_1_4	latest
OECD	Indicator_1_5	80.64
Australia	Indicator_1_5	82.5
Austria	Indicator_1_5	81.7
Belgium	Indicator_1_5	81.5
Canada	Indicator_1_5	81.9
Switzerland	Indicator_1_5	83.7
Chile	Indicator_1_5	79.9
Czech Republic	Indicator_1_5	79.1
Germany	Indicator_1_5	81.1
Denmark	Indicator_1_5	80.9
Spain	Indicator_1_5	83.4
Estonia	Indicator_1_5	77.8
Finland	Indicator_1_5	81.5
France	Indicator_1_5	82.4
United Kingdom	Indicator_1_5	81.2
Grèce	Indicator_1_5	81.5
Hungary	Indicator_1_5	76.2
Ireland	Indicator_1_5	81.8
Iceland	Indicator_1_5	82.3
Israel	Indicator_1_5	82.5
Italy	Indicator_1_5	83.3
Japan	Indicator_1_5	84.1
Korea	Indicator_1_5	82.4
Lithuania	Indicator_1_5	74.8
Luxembourg	Indicator_1_5	82.8
Latvia	Indicator_1_5	74.7
Mexico	Indicator_1_5	75.4
Netherlands	Indicator_1_5	81.6
Norway	Indicator_1_5	82.5
New Zealand	Indicator_1_5	81.7
Poland	Indicator_1_5	78
Portugal	Indicator_1_5	81.2
Slovak Republic	Indicator_1_5	77.3
Slovenia	Indicator_1_5	81.3
Sweden	Indicator_1_5	82.4
Turkey	Indicator_1_5	78
United States	Indicator_1_5	78.6
OECD	Evo_Indicator_1_5	0.93
Australia	Evo_Indicator_1_5	0.5
Austria	Evo_Indicator_1_5	0.6
Belgium	Evo_Indicator_1_5	0.8
Canada	Evo_Indicator_1_5	0.6
Switzerland	Evo_Indicator_1_5	0.9
Chile	Evo_Indicator_1_5	1.2
Czech Republic	Evo_Indicator_1_5	1.1
Germany	Evo_Indicator_1_5	0.6
Denmark	Evo_Indicator_1_5	1
Spain	Evo_Indicator_1_5	0.8
Estonia	Evo_Indicator_1_5	1.4
Finland	Evo_Indicator_1_5	0.9
France	Evo_Indicator_1_5	0.1
United Kingdom	Evo_Indicator_1_5	0.2
Grèce	Evo_Indicator_1_5	0.7
Hungary	Evo_Indicator_1_5	1.2
Ireland	Evo_Indicator_1_5	1
Iceland	Evo_Indicator_1_5	-0.1
Israel	Evo_Indicator_1_5	0.8
Italy	Evo_Indicator_1_5	1
Japan	Evo_Indicator_1_5	1.4
Korea	Evo_Indicator_1_5	1.8
Lithuania	Evo_Indicator_1_5	1.1
Luxembourg	Evo_Indicator_1_5	1.7
Latvia	Evo_Indicator_1_5	1
Mexico	Evo_Indicator_1_5	1.2
Netherlands	Evo_Indicator_1_5	0.3
Norway	Evo_Indicator_1_5	1.1
New Zealand	Evo_Indicator_1_5	0.7
Poland	Evo_Indicator_1_5	1.2
Portugal	Evo_Indicator_1_5	0.6
Slovak Republic	Evo_Indicator_1_5	1.2
Slovenia	Evo_Indicator_1_5	1.2
Sweden	Evo_Indicator_1_5	0.5
Turkey	Evo_Indicator_1_5	3.4
United States	Evo_Indicator_1_5	-0.1
OECD	Year_Indicator_1_5	latest
Australia	Year_Indicator_1_5	latest
Austria	Year_Indicator_1_5	latest
Belgium	Year_Indicator_1_5	latest
Canada	Year_Indicator_1_5	latest
Switzerland	Year_Indicator_1_5	latest
Chile	Year_Indicator_1_5	latest
Czech Republic	Year_Indicator_1_5	latest
Germany	Year_Indicator_1_5	latest
Denmark	Year_Indicator_1_5	latest
Spain	Year_Indicator_1_5	latest
Estonia	Year_Indicator_1_5	latest
Finland	Year_Indicator_1_5	latest
France	Year_Indicator_1_5	latest
United Kingdom	Year_Indicator_1_5	latest
Grèce	Year_Indicator_1_5	latest
Hungary	Year_Indicator_1_5	latest
Ireland	Year_Indicator_1_5	latest
Iceland	Year_Indicator_1_5	latest
Israel	Year_Indicator_1_5	latest
Italy	Year_Indicator_1_5	latest
Japan	Year_Indicator_1_5	latest
Korea	Year_Indicator_1_5	latest
Lithuania	Year_Indicator_1_5	latest
Luxembourg	Year_Indicator_1_5	latest
Latvia	Year_Indicator_1_5	latest
Mexico	Year_Indicator_1_5	latest
Netherlands	Year_Indicator_1_5	latest
Norway	Year_Indicator_1_5	latest
New Zealand	Year_Indicator_1_5	latest
Poland	Year_Indicator_1_5	latest
Portugal	Year_Indicator_1_5	latest
Slovak Republic	Year_Indicator_1_5	latest
Slovenia	Year_Indicator_1_5	latest
Sweden	Year_Indicator_1_5	latest
Turkey	Year_Indicator_1_5	latest
United States	Year_Indicator_1_5	latest
OECD	Indicator_1_6	378.0984
Australia	Indicator_1_6	199.6141
Austria	Indicator_1_6	401.418
Belgium	Indicator_1_6	442.6565
Canada	Indicator_1_6	216.7248
Switzerland	Indicator_1_6	274.5329
Chile	Indicator_1_6	279.3115
Czech Republic	Indicator_1_6	597.3104
Germany	Indicator_1_6	512.2252
Denmark	Indicator_1_6	419.2939
Spain	Indicator_1_6	369.5181
Estonia	Indicator_1_6	259.1487
Finland	Indicator_1_6	202.4156
France	Indicator_1_6	295.0808
United Kingdom	Indicator_1_6	374.8713
Grèce	Indicator_1_6	628.874
Hungary	Indicator_1_6	649.1384
Ireland	Indicator_1_6	232.5816
Iceland	Indicator_1_6	175.9083
Israel	Indicator_1_6	316.3624
Italy	Indicator_1_6	501.0524
Japan	Indicator_1_6	395.3967
Korea	Indicator_1_6	346.8808
Lithuania	Indicator_1_6	693.4509
Luxembourg	Indicator_1_6	291.2838
Latvia	Indicator_1_6	659.2673
Mexico	Indicator_1_6	289.3045
Netherlands	Indicator_1_6	400.6074
Norway	Indicator_1_6	217.1018
New Zealand	Indicator_1_6	146.3793
Poland	Indicator_1_6	589.9824
Portugal	Indicator_1_6	410.2712
Slovak Republic	Indicator_1_6	555.8839
Slovenia	Indicator_1_6	412.479
Sweden	Indicator_1_6	226.2218
Turkey	Indicator_1_6	504.3121
United States	Indicator_1_6	337.8838
OECD	Evo_Indicator_1_6	-19.2403
Australia	Evo_Indicator_1_6	-24.0249
Austria	Evo_Indicator_1_6	-46.743
Belgium	Evo_Indicator_1_6	-68.8816
Canada	Evo_Indicator_1_6	-45.1493
Switzerland	Evo_Indicator_1_6	-63.6121
Chile	Evo_Indicator_1_6	10.2073
Czech Republic	Evo_Indicator_1_6	-30.2546
Germany	Evo_Indicator_1_6	-21.1592
Denmark	Evo_Indicator_1_6	-58.8493
Spain	Evo_Indicator_1_6	-5.9221
Estonia	Evo_Indicator_1_6	-68.529
Finland	Evo_Indicator_1_6	-54.8395
France	Evo_Indicator_1_6	-36.7015
United Kingdom	Evo_Indicator_1_6	-38.6266
Grèce	Evo_Indicator_1_6	34.8148
Hungary	Evo_Indicator_1_6	-74.5902
Ireland	Evo_Indicator_1_6	-13.0795
Iceland	Evo_Indicator_1_6	-21.8774
Israel	Evo_Indicator_1_6	-9.1193
Italy	Evo_Indicator_1_6	-7.9986
Japan	Evo_Indicator_1_6	1.2522
Korea	Evo_Indicator_1_6	26.6635
Lithuania	Evo_Indicator_1_6	-38.5459
Luxembourg	Evo_Indicator_1_6	-49.9344
Latvia	Evo_Indicator_1_6	-86.3257
Mexico	Evo_Indicator_1_6	22.0137
Netherlands	Evo_Indicator_1_6	-32.1236
Norway	Evo_Indicator_1_6	-76.87
New Zealand	Evo_Indicator_1_6	-34.206
Poland	Evo_Indicator_1_6	-44.9246
Portugal	Evo_Indicator_1_6	-26.3697
Slovak Republic	Evo_Indicator_1_6	-77.5357
Slovenia	Evo_Indicator_1_6	-3.0702
Sweden	Evo_Indicator_1_6	-62.9744
Turkey	Evo_Indicator_1_6	16.0475
United States	Evo_Indicator_1_6	-33.11
OECD	Year_Indicator_1_6	latest
Australia	Year_Indicator_1_6	latest
Austria	Year_Indicator_1_6	latest
Belgium	Year_Indicator_1_6	latest
Canada	Year_Indicator_1_6	latest
Switzerland	Year_Indicator_1_6	latest
Chile	Year_Indicator_1_6	latest
Czech Republic	Year_Indicator_1_6	latest
Germany	Year_Indicator_1_6	latest
Denmark	Year_Indicator_1_6	latest
Spain	Year_Indicator_1_6	latest
Estonia	Year_Indicator_1_6	latest
Finland	Year_Indicator_1_6	latest
France	Year_Indicator_1_6	latest
United Kingdom	Year_Indicator_1_6	latest
Grèce	Year_Indicator_1_6	latest
Hungary	Year_Indicator_1_6	latest
Ireland	Year_Indicator_1_6	latest
Iceland	Year_Indicator_1_6	latest
Israel	Year_Indicator_1_6	latest
Italy	Year_Indicator_1_6	latest
Japan	Year_Indicator_1_6	latest
Korea	Year_Indicator_1_6	latest
Lithuania	Year_Indicator_1_6	latest
Luxembourg	Year_Indicator_1_6	latest
Latvia	Year_Indicator_1_6	latest
Mexico	Year_Indicator_1_6	latest
Netherlands	Year_Indicator_1_6	latest
Norway	Year_Indicator_1_6	latest
New Zealand	Year_Indicator_1_6	latest
Poland	Year_Indicator_1_6	latest
Portugal	Year_Indicator_1_6	latest
Slovak Republic	Year_Indicator_1_6	latest
Slovenia	Year_Indicator_1_6	latest
Sweden	Year_Indicator_1_6	latest
Turkey	Year_Indicator_1_6	latest
United States	Year_Indicator_1_6	latest
OECD	Indicator_1_7	0.1183
Australia	Indicator_1_7	0.121
Austria	Indicator_1_7	0.0977
Belgium	Indicator_1_7	0.0971
Canada	Indicator_1_7	0.1245
Switzerland	Indicator_1_7	0.0908
Chile	Indicator_1_7	0.161
Czech Republic	Indicator_1_7	0.0559
Germany	Indicator_1_7	0.1011
Denmark	Indicator_1_7	0.0549
Spain	Indicator_1_7	0.1554
Estonia	Indicator_1_7	0.157
Finland	Indicator_1_7	0.0576
France	Indicator_1_7	0.0826
United Kingdom	Indicator_1_7	0.111
Grèce	Indicator_1_7	0.1438
Hungary	Indicator_1_7	0.101
Ireland	Indicator_1_7	0.0976
Iceland	Indicator_1_7	0.0541
Israel	Indicator_1_7	0.1773
Italy	Indicator_1_7	0.1366
Japan	Indicator_1_7	0.157
Korea	Indicator_1_7	0.1382
Lithuania	Indicator_1_7	0.1685
Luxembourg	Indicator_1_7	0.1109
Latvia	Indicator_1_7	0.1679
Mexico	Indicator_1_7	0.1665
Netherlands	Indicator_1_7	0.083
Norway	Indicator_1_7	0.0819
New Zealand	Indicator_1_7	0.109
Poland	Indicator_1_7	0.1026
Portugal	Indicator_1_7	0.1246
Slovak Republic	Indicator_1_7	0.0849
Slovenia	Indicator_1_7	0.0868
Sweden	Indicator_1_7	0.0906
Turkey	Indicator_1_7	0.1716
United States	Indicator_1_7	0.178
OECD	Evo_Indicator_1_7	0.0039
Australia	Evo_Indicator_1_7	-0.019
Austria	Evo_Indicator_1_7	0.0067
Belgium	Evo_Indicator_1_7	0
Canada	Evo_Indicator_1_7	-0.0062
Switzerland	Evo_Indicator_1_7	-0.0139
Chile	Evo_Indicator_1_7	-0.023
Czech Republic	Evo_Indicator_1_7	-0.0032
Germany	Evo_Indicator_1_7	0.0144
Denmark	Evo_Indicator_1_7	-0.0031
Spain	Evo_Indicator_1_7	0.0089
Estonia	Evo_Indicator_1_7	0.0423
Finland	Evo_Indicator_1_7	-0.0174
France	Evo_Indicator_1_7	0.0026
United Kingdom	Evo_Indicator_1_7	0.0072
Grèce	Evo_Indicator_1_7	-0.0068
Hungary	Evo_Indicator_1_7	-0.0023
Ireland	Evo_Indicator_1_7	-0.0024
Iceland	Evo_Indicator_1_7	-0.0036
Israel	Evo_Indicator_1_7	-0.004
Italy	Evo_Indicator_1_7	0.0086
Japan	Evo_Indicator_1_7	-0.004
Korea	Evo_Indicator_1_7	-0.0082
Lithuania	Evo_Indicator_1_7	0.0441
Luxembourg	Evo_Indicator_1_7	0.0279
Latvia	Evo_Indicator_1_7	0.0393
Mexico	Evo_Indicator_1_7	-0.0225
Netherlands	Evo_Indicator_1_7	0.017
Norway	Evo_Indicator_1_7	0.0048
New Zealand	Evo_Indicator_1_7	0.011
Poland	Evo_Indicator_1_7	-0.0032
Portugal	Evo_Indicator_1_7	0.0103
Slovak Republic	Evo_Indicator_1_7	0.0027
Slovenia	Evo_Indicator_1_7	9e-04
Sweden	Evo_Indicator_1_7	-0.0065
Turkey	Evo_Indicator_1_7	-0.0147
United States	Evo_Indicator_1_7	-7e-04
OECD	Year_Indicator_1_7	2016 or latest
Australia	Year_Indicator_1_7	2016 or latest
Austria	Year_Indicator_1_7	2016 or latest
Belgium	Year_Indicator_1_7	2016 or latest
Canada	Year_Indicator_1_7	2016 or latest
Switzerland	Year_Indicator_1_7	2016 or latest
Chile	Year_Indicator_1_7	2016 or latest
Czech Republic	Year_Indicator_1_7	2016 or latest
Germany	Year_Indicator_1_7	2016 or latest
Denmark	Year_Indicator_1_7	2016 or latest
Spain	Year_Indicator_1_7	2016 or latest
Estonia	Year_Indicator_1_7	2016 or latest
Finland	Year_Indicator_1_7	2016 or latest
France	Year_Indicator_1_7	2016 or latest
United Kingdom	Year_Indicator_1_7	2016 or latest
Grèce	Year_Indicator_1_7	2016 or latest
Hungary	Year_Indicator_1_7	2016 or latest
Ireland	Year_Indicator_1_7	2016 or latest
Iceland	Year_Indicator_1_7	2016 or latest
Israel	Year_Indicator_1_7	2016 or latest
Italy	Year_Indicator_1_7	2016 or latest
Japan	Year_Indicator_1_7	2016 or latest
Korea	Year_Indicator_1_7	2016 or latest
Lithuania	Year_Indicator_1_7	2016 or latest
Luxembourg	Year_Indicator_1_7	2016 or latest
Latvia	Year_Indicator_1_7	2016 or latest
Mexico	Year_Indicator_1_7	2016 or latest
Netherlands	Year_Indicator_1_7	2016 or latest
Norway	Year_Indicator_1_7	2016 or latest
New Zealand	Year_Indicator_1_7	2016 or latest
Poland	Year_Indicator_1_7	2016 or latest
Portugal	Year_Indicator_1_7	2016 or latest
Slovak Republic	Year_Indicator_1_7	2016 or latest
Slovenia	Year_Indicator_1_7	2016 or latest
Sweden	Year_Indicator_1_7	2016 or latest
Turkey	Year_Indicator_1_7	2016 or latest
United States	Year_Indicator_1_7	2016 or latest
OECD	Indicator_2_1	0.0115
Australia	Indicator_2_1	0.0133
Austria	Indicator_2_1	0.0075
Belgium	Indicator_2_1	0.0053
Canada	Indicator_2_1	0.0096
Switzerland	Indicator_2_1	0.0071
Chile	Indicator_2_1	0.0177
Czech Republic	Indicator_2_1	0.0143
Germany	Indicator_2_1	0.0089
Denmark	Indicator_2_1	0.0123
Spain	Indicator_2_1	0.0096
Estonia	Indicator_2_1	0.0218
Finland	Indicator_2_1	0.0055
France	Indicator_2_1	0.008
United Kingdom	Indicator_2_1	0.0029
Grèce	Indicator_2_1	-0.0068
Hungary	Indicator_2_1	0.0044
Ireland	Indicator_2_1	0.048
Iceland	Indicator_2_1	0.0126
Israel	Indicator_2_1	0.0086
Italy	Indicator_2_1	0.0018
Japan	Indicator_2_1	0.0097
Korea	Indicator_2_1	0.022
Lithuania	Indicator_2_1	0.0203
Luxembourg	Indicator_2_1	4e-04
Latvia	Indicator_2_1	0.0299
Mexico	Indicator_2_1	0.0069
Netherlands	Indicator_2_1	0.0066
Norway	Indicator_2_1	0.0098
New Zealand	Indicator_2_1	0.0024
Poland	Indicator_2_1	0.0224
Portugal	Indicator_2_1	0.0014
Slovak Republic	Indicator_2_1	0.0228
Slovenia	Indicator_2_1	0.0094
Sweden	Indicator_2_1	0.009
Turkey	Indicator_2_1	0.0259
United States	Indicator_2_1	0.0042
OECD	Evo_Indicator_2_1	-0.0152
Australia	Evo_Indicator_2_1	0.0043
Austria	Evo_Indicator_2_1	-0.0128
Belgium	Evo_Indicator_2_1	-0.0114
Canada	Evo_Indicator_2_1	-3e-04
Switzerland	Evo_Indicator_2_1	-0.0065
Chile	Evo_Indicator_2_1	-0.015
Czech Republic	Evo_Indicator_2_1	-0.0287
Germany	Evo_Indicator_2_1	-0.0045
Denmark	Evo_Indicator_2_1	-0.0019
Spain	Evo_Indicator_2_1	0.0048
Estonia	Evo_Indicator_2_1	-0.0383
Finland	Evo_Indicator_2_1	-0.0179
France	Evo_Indicator_2_1	-0.0045
United Kingdom	Evo_Indicator_2_1	-0.0175
Grèce	Evo_Indicator_2_1	-0.0288
Hungary	Evo_Indicator_2_1	-0.0349
Ireland	Evo_Indicator_2_1	0.0232
Iceland	Evo_Indicator_2_1	-0.0316
Israel	Evo_Indicator_2_1	-0.0072
Italy	Evo_Indicator_2_1	0.0019
Japan	Evo_Indicator_2_1	-0.0039
Korea	Evo_Indicator_2_1	-0.0268
Lithuania	Evo_Indicator_2_1	-0.0433
Luxembourg	Evo_Indicator_2_1	-0.014
Latvia	Evo_Indicator_2_1	-0.0515
Mexico	Evo_Indicator_2_1	0.0019
Netherlands	Evo_Indicator_2_1	-0.0078
Norway	Evo_Indicator_2_1	9e-04
New Zealand	Evo_Indicator_2_1	-0.012
Poland	Evo_Indicator_2_1	-0.0124
Portugal	Evo_Indicator_2_1	-0.0116
Slovak Republic	Evo_Indicator_2_1	-0.0348
Slovenia	Evo_Indicator_2_1	-0.0305
Sweden	Evo_Indicator_2_1	-0.0193
Turkey	Evo_Indicator_2_1	-0.0373
United States	Evo_Indicator_2_1	-0.0169
OECD	Year_Indicator_2_1	2011-2017 or latest
Australia	Year_Indicator_2_1	2011-2017 or latest
Austria	Year_Indicator_2_1	2011-2017 or latest
Belgium	Year_Indicator_2_1	2011-2017 or latest
Canada	Year_Indicator_2_1	2011-2017 or latest
Switzerland	Year_Indicator_2_1	2011-2017 or latest
Chile	Year_Indicator_2_1	2011-2017 or latest
Czech Republic	Year_Indicator_2_1	2011-2017 or latest
Germany	Year_Indicator_2_1	2011-2017 or latest
Denmark	Year_Indicator_2_1	2011-2017 or latest
Spain	Year_Indicator_2_1	2011-2017 or latest
Estonia	Year_Indicator_2_1	2011-2017 or latest
Finland	Year_Indicator_2_1	2011-2017 or latest
France	Year_Indicator_2_1	2011-2017 or latest
United Kingdom	Year_Indicator_2_1	2011-2017 or latest
Grèce	Year_Indicator_2_1	2011-2017 or latest
Hungary	Year_Indicator_2_1	2011-2017 or latest
Ireland	Year_Indicator_2_1	2011-2017 or latest
Iceland	Year_Indicator_2_1	2011-2017 or latest
Israel	Year_Indicator_2_1	2011-2017 or latest
Italy	Year_Indicator_2_1	2011-2017 or latest
Japan	Year_Indicator_2_1	2011-2017 or latest
Korea	Year_Indicator_2_1	2011-2017 or latest
Lithuania	Year_Indicator_2_1	2011-2017 or latest
Luxembourg	Year_Indicator_2_1	2011-2017 or latest
Latvia	Year_Indicator_2_1	2011-2017 or latest
Mexico	Year_Indicator_2_1	2011-2017 or latest
Netherlands	Year_Indicator_2_1	2011-2017 or latest
Norway	Year_Indicator_2_1	2011-2017 or latest
New Zealand	Year_Indicator_2_1	2011-2017 or latest
Poland	Year_Indicator_2_1	2011-2017 or latest
Portugal	Year_Indicator_2_1	2011-2017 or latest
Slovak Republic	Year_Indicator_2_1	2011-2017 or latest
Slovenia	Year_Indicator_2_1	2011-2017 or latest
Sweden	Year_Indicator_2_1	2011-2017 or latest
Turkey	Year_Indicator_2_1	2011-2017 or latest
United States	Year_Indicator_2_1	2011-2017 or latest
OECD	Indicator_2_2	57.43
Australia	Indicator_2_2	61.1
Austria	Indicator_2_2	57.5
Belgium	Indicator_2_2	48.9
Canada	Indicator_2_2	61.1
Switzerland	Indicator_2_2	65.2
Chile	Indicator_2_2	55.6
Czech Republic	Indicator_2_2	57.6
Germany	Indicator_2_2	58.4
Denmark	Indicator_2_2	59.6
Spain	Indicator_2_2	47.6
Estonia	Indicator_2_2	65.9
Finland	Indicator_2_2	60
France	Indicator_2_2	50.6
United Kingdom	Indicator_2_2	60.4
Grèce	Indicator_2_2	39.8
Hungary	Indicator_2_2	58
Ireland	Indicator_2_2	55.3
Iceland	Indicator_2_2	81.1
Israel	Indicator_2_2	61.1
Italy	Indicator_2_2	43.7
Japan	Indicator_2_2	58.2
Korea	Indicator_2_2	60.4
Lithuania	Indicator_2_2	55.5
Luxembourg	Indicator_2_2	55.3
Latvia	Indicator_2_2	54.6
Mexico	Indicator_2_2	57.4
Netherlands	Indicator_2_2	60.2
Norway	Indicator_2_2	67.3
New Zealand	Indicator_2_2	66.2
Poland	Indicator_2_2	52.7
Portugal	Indicator_2_2	52
Slovak Republic	Indicator_2_2	54.2
Slovenia	Indicator_2_2	52
Sweden	Indicator_2_2	67.1
Turkey	Indicator_2_2	46.3
United States	Indicator_2_2	59.7
OECD	Evo_Indicator_2_2	1.44
Australia	Evo_Indicator_2_2	-1
Austria	Evo_Indicator_2_2	-0.2
Belgium	Evo_Indicator_2_2	-0.5
Canada	Evo_Indicator_2_2	-0.6
Switzerland	Evo_Indicator_2_2	0.7
Chile	Evo_Indicator_2_2	0.1
Czech Republic	Evo_Indicator_2_2	3.2
Germany	Evo_Indicator_2_2	1.8
Denmark	Evo_Indicator_2_2	0.5
Spain	Evo_Indicator_2_2	0.2
Estonia	Evo_Indicator_2_2	6.5
Finland	Evo_Indicator_2_2	-1.5
France	Evo_Indicator_2_2	-0.7
United Kingdom	Evo_Indicator_2_2	2.4
Grèce	Evo_Indicator_2_2	-3.5
Hungary	Evo_Indicator_2_2	8.9
Ireland	Evo_Indicator_2_2	3.6
Iceland	Evo_Indicator_2_2	6.4
Israel	Evo_Indicator_2_2	2.5
Italy	Evo_Indicator_2_2	-0.4
Japan	Evo_Indicator_2_2	1.6
Korea	Evo_Indicator_2_2	1.3
Lithuania	Evo_Indicator_2_2	6.9
Luxembourg	Evo_Indicator_2_2	0.5
Latvia	Evo_Indicator_2_2	5.6
Mexico	Evo_Indicator_2_2	0.7
Netherlands	Evo_Indicator_2_2	-1.7
Norway	Evo_Indicator_2_2	-1.8
New Zealand	Evo_Indicator_2_2	2.3
Poland	Evo_Indicator_2_2	2.5
Portugal	Evo_Indicator_2_2	-0.8
Slovak Republic	Evo_Indicator_2_2	3.4
Slovenia	Evo_Indicator_2_2	-1.2
Sweden	Evo_Indicator_2_2	1.7
Turkey	Evo_Indicator_2_2	1.3
United States	Evo_Indicator_2_2	1.3
OECD	Year_Indicator_2_2	2016
Australia	Year_Indicator_2_2	2016
Austria	Year_Indicator_2_2	2016
Belgium	Year_Indicator_2_2	2016
Canada	Year_Indicator_2_2	2016
Switzerland	Year_Indicator_2_2	2016
Chile	Year_Indicator_2_2	2016
Czech Republic	Year_Indicator_2_2	2016
Germany	Year_Indicator_2_2	2016
Denmark	Year_Indicator_2_2	2016
Spain	Year_Indicator_2_2	2016
Estonia	Year_Indicator_2_2	2016
Finland	Year_Indicator_2_2	2016
France	Year_Indicator_2_2	2016
United Kingdom	Year_Indicator_2_2	2016
Grèce	Year_Indicator_2_2	2016
Hungary	Year_Indicator_2_2	2016
Ireland	Year_Indicator_2_2	2016
Iceland	Year_Indicator_2_2	2016
Israel	Year_Indicator_2_2	2016
Italy	Year_Indicator_2_2	2016
Japan	Year_Indicator_2_2	2016
Korea	Year_Indicator_2_2	2016
Lithuania	Year_Indicator_2_2	2016
Luxembourg	Year_Indicator_2_2	2016
Latvia	Year_Indicator_2_2	2016
Mexico	Year_Indicator_2_2	2016
Netherlands	Year_Indicator_2_2	2016
Norway	Year_Indicator_2_2	2016
New Zealand	Year_Indicator_2_2	2016
Poland	Year_Indicator_2_2	2016
Portugal	Year_Indicator_2_2	2016
Slovak Republic	Year_Indicator_2_2	2016
Slovenia	Year_Indicator_2_2	2016
Sweden	Year_Indicator_2_2	2016
Turkey	Year_Indicator_2_2	2016
United States	Year_Indicator_2_2	2016
OECD	Indicator_2_3	3.3336
Australia	Indicator_2_3	3.3248
Austria	Indicator_2_3	3.2711
Belgium	Indicator_2_3	2.4098
Canada	Indicator_2_3	3.6053
Switzerland	Indicator_2_3	2.6546
Chile	Indicator_2_3	3.6053
Czech Republic	Indicator_2_3	3.4537
Germany	Indicator_2_3	3.3333
Denmark	Indicator_2_3	2.5659
Spain	Indicator_2_3	3.1241
Estonia	Indicator_2_3	3.785
Finland	Indicator_2_3	2.5029
France	Indicator_2_3	2.8067
United Kingdom	Indicator_2_3	3.4243
Grèce	Indicator_2_3	3.267
Hungary	Indicator_2_3	3.73
Ireland	Indicator_2_3	3.787
Iceland	Indicator_2_3	2.9858
Israel	Indicator_2_3	4.7567
Italy	Indicator_2_3	2.25
Japan	Indicator_2_3	2.8326
Korea	Indicator_2_3	4.3024
Lithuania	Indicator_2_3	3.7837
Luxembourg	Indicator_2_3	3.1467
Latvia	Indicator_2_3	4
Mexico	Indicator_2_3	3.5714
Netherlands	Indicator_2_3	3.0197
Norway	Indicator_2_3	2.5467
New Zealand	Indicator_2_3	2.8206
Poland	Indicator_2_3	3.8089
Portugal	Indicator_2_3	3.952
Slovak Republic	Indicator_2_3	3.4408
Slovenia	Indicator_2_3	3.3308
Sweden	Indicator_2_3	2.2844
Turkey	Indicator_2_3	3.5282
United States	Indicator_2_3	5.0657
OECD	Evo_Indicator_2_3	-0.096382165
Australia	Evo_Indicator_2_3	-0.053846788
Austria	Evo_Indicator_2_3	-0.07241193
Belgium	Evo_Indicator_2_3	-0.03747353
Canada	Evo_Indicator_2_3	-0.065563179
Switzerland	Evo_Indicator_2_3	-0.206534106
Chile	Evo_Indicator_2_3	-0.769654088
Czech Republic	Evo_Indicator_2_3	-0.057391147
Germany	Evo_Indicator_2_3	-0.15
Denmark	Evo_Indicator_2_3	0.054227408
Spain	Evo_Indicator_2_3	0.025335287
Estonia	Evo_Indicator_2_3	-0.268402102
Finland	Evo_Indicator_2_3	-0.081337135
France	Evo_Indicator_2_3	0.000176417
United Kingdom	Evo_Indicator_2_3	-0.19086303
Grèce	Evo_Indicator_2_3	0.258869919
Hungary	Evo_Indicator_2_3	-0.369819149
Ireland	Evo_Indicator_2_3	-0.125864881
Iceland	Evo_Indicator_2_3	0.106697111
Israel	Evo_Indicator_2_3	-0.022693456
Italy	Evo_Indicator_2_3	0.047175685
Japan	Evo_Indicator_2_3	-0.140527029
Korea	Evo_Indicator_2_3	-0.492777572
Lithuania	Evo_Indicator_2_3	-0.522683919
Luxembourg	Evo_Indicator_2_3	-0.20811473
Latvia	Evo_Indicator_2_3	-0.476923077
Mexico	Evo_Indicator_2_3	-0.028571429
Netherlands	Evo_Indicator_2_3	0.153251031
Norway	Evo_Indicator_2_3	0.210173776
New Zealand	Evo_Indicator_2_3	-0.090840336
Poland	Evo_Indicator_2_3	-0.219929986
Portugal	Evo_Indicator_2_3	0.247572718
Slovak Republic	Evo_Indicator_2_3	-0.206579476
Slovenia	Evo_Indicator_2_3	-0.011163374
Sweden	Evo_Indicator_2_3	-0.020398943
Turkey	Evo_Indicator_2_3	-0.269695134
United States	Evo_Indicator_2_3	0.032173878
OECD	Year_Indicator_2_3	2017
Australia	Year_Indicator_2_3	2016
Austria	Year_Indicator_2_3	2016
Belgium	Year_Indicator_2_3	2016
Canada	Year_Indicator_2_3	2017
Switzerland	Year_Indicator_2_3	2016
Chile	Year_Indicator_2_3	2015
Czech Republic	Year_Indicator_2_3	2017
Germany	Year_Indicator_2_3	2016
Denmark	Year_Indicator_2_3	2016
Spain	Year_Indicator_2_3	2014
Estonia	Year_Indicator_2_3	2014
Finland	Year_Indicator_2_3	2016
France	Year_Indicator_2_3	2014
United Kingdom	Year_Indicator_2_3	2017
Grèce	Year_Indicator_2_3	2016
Hungary	Year_Indicator_2_3	2016
Ireland	Year_Indicator_2_3	2016
Iceland	Year_Indicator_2_3	2015
Israel	Year_Indicator_2_3	2016
Italy	Year_Indicator_2_3	2016
Japan	Year_Indicator_2_3	2017
Korea	Year_Indicator_2_3	2017
Lithuania	Year_Indicator_2_3	2014
Luxembourg	Year_Indicator_2_3	2014
Latvia	Year_Indicator_2_3	2014
Mexico	Year_Indicator_2_3	2017
Netherlands	Year_Indicator_2_3	2014
Norway	Year_Indicator_2_3	2105
New Zealand	Year_Indicator_2_3	2017
Poland	Year_Indicator_2_3	2016
Portugal	Year_Indicator_2_3	2016
Slovak Republic	Year_Indicator_2_3	2017
Slovenia	Year_Indicator_2_3	2014
Sweden	Year_Indicator_2_3	2013
Turkey	Year_Indicator_2_3	2014
United States	Year_Indicator_2_3	2017
OECD	Indicator_2_4	13.55523
Australia	Indicator_2_4	14.28631
Austria	Indicator_2_4	15.6709
Belgium	Indicator_2_4	3.7013
Canada	Indicator_2_4	18.17322
Switzerland	Indicator_2_4	14.76237
Chile	Indicator_2_4	21.05263
Czech Republic	Indicator_2_4	16.02343
Germany	Indicator_2_4	15.51072
Denmark	Indicator_2_4	6.32387
Spain	Indicator_2_4	11.5405
Estonia	Indicator_2_4	28.33935
Finland	Indicator_2_4	16.47226
France	Indicator_2_4	9.8721
United Kingdom	Indicator_2_4	17.38274
Grèce	Indicator_2_4	4.48505
Hungary	Indicator_2_4	9.36432
Ireland	Indicator_2_4	10.61174
Iceland	Indicator_2_4	9.9314
Israel	Indicator_2_4	21.59333
Italy	Indicator_2_4	5.55556
Japan	Indicator_2_4	24.51809
Korea	Indicator_2_4	34.61738
Lithuania	Indicator_2_4	12.47974
Luxembourg	Indicator_2_4	3.40292
Latvia	Indicator_2_4	21.12299
Mexico	Indicator_2_4	11.11111
Netherlands	Indicator_2_4	14.11468
Norway	Indicator_2_4	7.12468
New Zealand	Indicator_2_4	7.76923
Poland	Indicator_2_4	9.41788
Portugal	Indicator_2_4	14.28571
Slovak Republic	Indicator_2_4	13.89918
Slovenia	Indicator_2_4	4.99627
Sweden	Indicator_2_4	13.42049
Turkey	Indicator_2_4	6.88259
United States	Indicator_2_4	18.17216
OECD	Evo_Indicator_2_4	-1.182826403
Australia	Evo_Indicator_2_4	-1.680076
Austria	Evo_Indicator_2_4	-2.879654475
Belgium	Evo_Indicator_2_4	-2.136810181
Canada	Evo_Indicator_2_4	-1.002309525
Switzerland	Evo_Indicator_2_4	-4.936188825
Chile	Evo_Indicator_2_4	5.052631579
Czech Republic	Evo_Indicator_2_4	-0.30622586
Germany	Evo_Indicator_2_4	-1.433725655
Denmark	Evo_Indicator_2_4	-1.623331559
Spain	Evo_Indicator_2_4	-1.963966668
Estonia	Evo_Indicator_2_4	0.541516246
Finland	Evo_Indicator_2_4	-2.135358725
France	Evo_Indicator_2_4	-17.92573162
United Kingdom	Evo_Indicator_2_4	-0.863262632
Grèce	Evo_Indicator_2_4	-6.22923588
Hungary	Evo_Indicator_2_4	2.500411855
Ireland	Evo_Indicator_2_4	0.16488278
Iceland	Evo_Indicator_2_4	-4.148409474
Israel	Evo_Indicator_2_4	1.933665133
Italy	Evo_Indicator_2_4	-4.97016774
Japan	Evo_Indicator_2_4	-2.877272265
Korea	Evo_Indicator_2_4	-1.946846943
Lithuania	Evo_Indicator_2_4	1.8371704
Luxembourg	Evo_Indicator_2_4	-1.189247633
Latvia	Evo_Indicator_2_4	2.067345411
Mexico	Evo_Indicator_2_4	1.111111111
Netherlands	Evo_Indicator_2_4	-3.77446524
Norway	Evo_Indicator_2_4	-0.656297893
New Zealand	Evo_Indicator_2_4	3.235897436
Poland	Evo_Indicator_2_4	0.512699777
Portugal	Evo_Indicator_2_4	-0.962408266
Slovak Republic	Evo_Indicator_2_4	-1.550674286
Slovenia	Evo_Indicator_2_4	4.004535902
Sweden	Evo_Indicator_2_4	-2.514024761
Turkey	Evo_Indicator_2_4	3.778378233
United States	Evo_Indicator_2_4	0.383695741
OECD	Year_Indicator_2_4	2017 or latest
Australia	Year_Indicator_2_4	2017 or latest
Austria	Year_Indicator_2_4	2017 or latest
Belgium	Year_Indicator_2_4	2017 or latest
Canada	Year_Indicator_2_4	2017 or latest
Switzerland	Year_Indicator_2_4	2017 or latest
Chile	Year_Indicator_2_4	2017 or latest
Czech Republic	Year_Indicator_2_4	2017 or latest
Germany	Year_Indicator_2_4	2017 or latest
Denmark	Year_Indicator_2_4	2017 or latest
Spain	Year_Indicator_2_4	2017 or latest
Estonia	Year_Indicator_2_4	2017 or latest
Finland	Year_Indicator_2_4	2017 or latest
France	Year_Indicator_2_4	2017 or latest
United Kingdom	Year_Indicator_2_4	2017 or latest
Grèce	Year_Indicator_2_4	2017 or latest
Hungary	Year_Indicator_2_4	2017 or latest
Ireland	Year_Indicator_2_4	2017 or latest
Iceland	Year_Indicator_2_4	2017 or latest
Israel	Year_Indicator_2_4	2017 or latest
Italy	Year_Indicator_2_4	2017 or latest
Japan	Year_Indicator_2_4	2017 or latest
Korea	Year_Indicator_2_4	2017 or latest
Lithuania	Year_Indicator_2_4	2017 or latest
Luxembourg	Year_Indicator_2_4	2017 or latest
Latvia	Year_Indicator_2_4	2017 or latest
Mexico	Year_Indicator_2_4	2017 or latest
Netherlands	Year_Indicator_2_4	2017 or latest
Norway	Year_Indicator_2_4	2017 or latest
New Zealand	Year_Indicator_2_4	2017 or latest
Poland	Year_Indicator_2_4	2017 or latest
Portugal	Year_Indicator_2_4	2017 or latest
Slovak Republic	Year_Indicator_2_4	2017 or latest
Slovenia	Year_Indicator_2_4	2017 or latest
Sweden	Year_Indicator_2_4	2013
Turkey	Year_Indicator_2_4	2017 or latest
United States	Year_Indicator_2_4	2017 or latest
OECD	Indicator_2_5	4.15531
Australia	Indicator_2_5	9.10705
Austria	Indicator_2_5	3.40569
Belgium	Indicator_2_5	1.87633
Canada	Indicator_2_5	4.63167
Switzerland	Indicator_2_5	3.00839
Chile	Indicator_2_5	9.85691
Czech Republic	Indicator_2_5	0.79836
Germany	Indicator_2_5	2.96701
Denmark	Indicator_2_5	3.48384
Spain	Indicator_2_5	9.28245
Estonia	Indicator_2_5	0.76752
Finland	Indicator_2_5	4.16022
France	Indicator_2_5	7.86201
United Kingdom	Indicator_2_5	3.46607
Grèce	Indicator_2_5	6.64897
Hungary	Indicator_2_5	1.15122
Ireland	Indicator_2_5	4.70322
Iceland	Indicator_2_5	3.04186
Israel	Indicator_2_5	2.34056
Italy	Indicator_2_5	11.39167
Japan	Indicator_2_5	3.96838
Korea	Indicator_2_5	NA
Lithuania	Indicator_2_5	2.40713
Luxembourg	Indicator_2_5	2.58049
Latvia	Indicator_2_5	2.67838
Mexico	Indicator_2_5	NA
Netherlands	Indicator_2_5	3.47944
Norway	Indicator_2_5	1.36846
New Zealand	Indicator_2_5	5.42856
Poland	Indicator_2_5	1.35683
Portugal	Indicator_2_5	4.12059
Slovak Republic	Indicator_2_5	3.29438
Slovenia	Indicator_2_5	1.08598
Sweden	Indicator_2_5	5.4728
Turkey	Indicator_2_5	1.24091
United States	Indicator_2_5	1.12651
OECD	Evo_Indicator_2_5	0.096968659
Australia	Evo_Indicator_2_5	1.749191262
Austria	Evo_Indicator_2_5	0.95044406
Belgium	Evo_Indicator_2_5	-0.642922835
Canada	Evo_Indicator_2_5	-0.609487512
Switzerland	Evo_Indicator_2_5	0.636987772
Chile	Evo_Indicator_2_5	-1.265919255
Czech Republic	Evo_Indicator_2_5	-0.301168299
Germany	Evo_Indicator_2_5	-1.066800214
Denmark	Evo_Indicator_2_5	-0.545471206
Spain	Evo_Indicator_2_5	1.335172649
Estonia	Evo_Indicator_2_5	-1.288196464
Finland	Evo_Indicator_2_5	0.850223097
France	Evo_Indicator_2_5	2.700308918
United Kingdom	Evo_Indicator_2_5	-1.198284366
Grèce	Evo_Indicator_2_5	2.786435804
Hungary	Evo_Indicator_2_5	-1.391992579
Ireland	Evo_Indicator_2_5	-3.343975107
Iceland	Evo_Indicator_2_5	-1.92017333
Israel	Evo_Indicator_2_5	-1.355838014
Italy	Evo_Indicator_2_5	3.232188553
Japan	Evo_Indicator_2_5	-1.799860897
Korea	Evo_Indicator_2_5	NA
Lithuania	Evo_Indicator_2_5	-0.679987203
Luxembourg	Evo_Indicator_2_5	0.884342944
Latvia	Evo_Indicator_2_5	-1.002332831
Mexico	Evo_Indicator_2_5	NA
Netherlands	Evo_Indicator_2_5	0.370188007
Norway	Evo_Indicator_2_5	-0.227554484
New Zealand	Evo_Indicator_2_5	0.908450662
Poland	Evo_Indicator_2_5	-0.4147807
Portugal	Evo_Indicator_2_5	-0.347575644
Slovak Republic	Evo_Indicator_2_5	0.709980335
Slovenia	Evo_Indicator_2_5	0.391627734
Sweden	Evo_Indicator_2_5	-2.288999468
Turkey	Evo_Indicator_2_5	0.432979555
United States	Evo_Indicator_2_5	-0.670903826
OECD	Year_Indicator_2_5	2017
Australia	Year_Indicator_2_5	2017
Austria	Year_Indicator_2_5	2017
Belgium	Year_Indicator_2_5	2017
Canada	Year_Indicator_2_5	2017
Switzerland	Year_Indicator_2_5	2017
Chile	Year_Indicator_2_5	2017
Czech Republic	Year_Indicator_2_5	2017
Germany	Year_Indicator_2_5	2017
Denmark	Year_Indicator_2_5	2017
Spain	Year_Indicator_2_5	2017
Estonia	Year_Indicator_2_5	2017
Finland	Year_Indicator_2_5	2017
France	Year_Indicator_2_5	2017
United Kingdom	Year_Indicator_2_5	2017
Grèce	Year_Indicator_2_5	2017
Hungary	Year_Indicator_2_5	2017
Ireland	Year_Indicator_2_5	2017
Iceland	Year_Indicator_2_5	2017
Israel	Year_Indicator_2_5	2017
Italy	Year_Indicator_2_5	2017
Japan	Year_Indicator_2_5	2017
Korea	Year_Indicator_2_5	2017
Lithuania	Year_Indicator_2_5	2017
Luxembourg	Year_Indicator_2_5	2017
Latvia	Year_Indicator_2_5	2017
Mexico	Year_Indicator_2_5	2017
Netherlands	Year_Indicator_2_5	2017
Norway	Year_Indicator_2_5	2017
New Zealand	Year_Indicator_2_5	2017
Poland	Year_Indicator_2_5	2017
Portugal	Year_Indicator_2_5	2017
Slovak Republic	Year_Indicator_2_5	2017
Slovenia	Year_Indicator_2_5	2017
Sweden	Year_Indicator_2_5	2017
Turkey	Year_Indicator_2_5	2017
United States	Year_Indicator_2_5	2017
OECD	Indicator_2_6	0.2478
Australia	Indicator_2_6	0.2818
Austria	Indicator_2_6	0.1705
Belgium	Indicator_2_6	0.2846
Canada	Indicator_2_6	0.305
Switzerland	Indicator_2_6	0.234
Chile	Indicator_2_6	NA
Czech Republic	Indicator_2_6	0.18
Germany	Indicator_2_6	0.1626
Denmark	Indicator_2_6	0.4161
Spain	Indicator_2_6	0.1834
Estonia	Indicator_2_6	0.2284
Finland	Indicator_2_6	0.5692
France	Indicator_2_6	0.1711
United Kingdom	Indicator_2_6	0.3467
Grèce	Indicator_2_6	0.0922
Hungary	Indicator_2_6	0.1219
Ireland	Indicator_2_6	0.3608
Iceland	Indicator_2_6	0.4313
Israel	Indicator_2_6	NA
Italy	Indicator_2_6	0.2151
Japan	Indicator_2_6	0.446
Korea	Indicator_2_6	0.129
Lithuania	Indicator_2_6	0.1665
Luxembourg	Indicator_2_6	0.1883
Latvia	Indicator_2_6	0.0837
Mexico	Indicator_2_6	0.0915
Netherlands	Indicator_2_6	0.3453
Norway	Indicator_2_6	0.3974
New Zealand	Indicator_2_6	NA
Poland	Indicator_2_6	0.0817
Portugal	Indicator_2_6	0.1795
Slovak Republic	Indicator_2_6	0.1789
Slovenia	Indicator_2_6	0.2217
Sweden	Indicator_2_6	0.4816
Turkey	Indicator_2_6	0.1033
United States	Indicator_2_6	NA
OECD	Year_Indicator_2_6	2016
Australia	Year_Indicator_2_6	2016
Austria	Year_Indicator_2_6	2016
Belgium	Year_Indicator_2_6	2016
Canada	Year_Indicator_2_6	2016
Switzerland	Year_Indicator_2_6	2016
Chile	Year_Indicator_2_6	2016
Czech Republic	Year_Indicator_2_6	2016
Germany	Year_Indicator_2_6	2016
Denmark	Year_Indicator_2_6	2016
Spain	Year_Indicator_2_6	2016
Estonia	Year_Indicator_2_6	2016
Finland	Year_Indicator_2_6	2016
France	Year_Indicator_2_6	2016
United Kingdom	Year_Indicator_2_6	2016
Grèce	Year_Indicator_2_6	2016
Hungary	Year_Indicator_2_6	2016
Ireland	Year_Indicator_2_6	2016
Iceland	Year_Indicator_2_6	2016
Israel	Year_Indicator_2_6	2016
Italy	Year_Indicator_2_6	2016
Japan	Year_Indicator_2_6	2016
Korea	Year_Indicator_2_6	2016
Lithuania	Year_Indicator_2_6	2016
Luxembourg	Year_Indicator_2_6	2016
Latvia	Year_Indicator_2_6	2016
Mexico	Year_Indicator_2_6	2016
Netherlands	Year_Indicator_2_6	2016
Norway	Year_Indicator_2_6	2016
New Zealand	Year_Indicator_2_6	2016
Poland	Year_Indicator_2_6	2016
Portugal	Year_Indicator_2_6	2016
Slovak Republic	Year_Indicator_2_6	2016
Slovenia	Year_Indicator_2_6	2016
Sweden	Year_Indicator_2_6	2016
Turkey	Year_Indicator_2_6	2016
United States	Year_Indicator_2_6	2016
OECD	Indicator_2_7	46.309
Australia	Indicator_2_7	30.9
Austria	Indicator_2_7	NA
Belgium	Indicator_2_7	67.05
Canada	Indicator_2_7	12.45
Switzerland	Indicator_2_7	76.69
Chile	Indicator_2_7	20.67
Czech Republic	Indicator_2_7	70.03
Germany	Indicator_2_7	NA
Denmark	Indicator_2_7	NA
Spain	Indicator_2_7	50.1
Estonia	Indicator_2_7	26.15
Finland	Indicator_2_7	NA
France	Indicator_2_7	20.45
United Kingdom	Indicator_2_7	35.51
Grèce	Indicator_2_7	54.39
Hungary	Indicator_2_7	69
Ireland	Indicator_2_7	57.04
Iceland	Indicator_2_7	NA
Israel	Indicator_2_7	61.28
Italy	Indicator_2_7	17.69
Japan	Indicator_2_7	66.29
Korea	Indicator_2_7	80.22
Lithuania	Indicator_2_7	40.24
Luxembourg	Indicator_2_7	NA
Latvia	Indicator_2_7	76.1
Mexico	Indicator_2_7	34.84
Netherlands	Indicator_2_7	38.33
Norway	Indicator_2_7	37.96
New Zealand	Indicator_2_7	59.98
Poland	Indicator_2_7	56.44
Portugal	Indicator_2_7	86.58
Slovak Republic	Indicator_2_7	72.29
Slovenia	Indicator_2_7	49.52
Sweden	Indicator_2_7	39.6
Turkey	Indicator_2_7	31.9
United States	Indicator_2_7	17.89
OECD	Evo_Indicator_2_7	1.31
Australia	Evo_Indicator_2_7	-1.92
Austria	Evo_Indicator_2_7	NA
Belgium	Evo_Indicator_2_7	1.98
Canada	Evo_Indicator_2_7	-5.26
Switzerland	Evo_Indicator_2_7	-1.83
Chile	Evo_Indicator_2_7	2.94
Czech Republic	Evo_Indicator_2_7	-0.7
Germany	Evo_Indicator_2_7	NA
Denmark	Evo_Indicator_2_7	NA
Spain	Evo_Indicator_2_7	NA
Estonia	Evo_Indicator_2_7	-2.13
Finland	Evo_Indicator_2_7	NA
France	Evo_Indicator_2_7	-0.32
United Kingdom	Evo_Indicator_2_7	-1.99
Grèce	Evo_Indicator_2_7	17.55
Hungary	Evo_Indicator_2_7	15
Ireland	Evo_Indicator_2_7	-10.78
Iceland	Evo_Indicator_2_7	NA
Israel	Evo_Indicator_2_7	22.53
Italy	Evo_Indicator_2_7	-0.53
Japan	Evo_Indicator_2_7	-0.65
Korea	Evo_Indicator_2_7	2.55
Lithuania	Evo_Indicator_2_7	40.24
Luxembourg	Evo_Indicator_2_7	NA
Latvia	Evo_Indicator_2_7	-9.57
Mexico	Evo_Indicator_2_7	13.77
Netherlands	Evo_Indicator_2_7	NA
Norway	Evo_Indicator_2_7	-2.39
New Zealand	Evo_Indicator_2_7	19.8
Poland	Evo_Indicator_2_7	-3.68
Portugal	Evo_Indicator_2_7	5.45
Slovak Republic	Evo_Indicator_2_7	6.52
Slovenia	Evo_Indicator_2_7	0.77
Sweden	Evo_Indicator_2_7	4.94
Turkey	Evo_Indicator_2_7	-3.57
United States	Evo_Indicator_2_7	-7.99
OECD	Year_Indicator_2_7	2017 or latest
Australia	Year_Indicator_2_7	2017 or latest
Austria	Year_Indicator_2_7	2017 or latest
Belgium	Year_Indicator_2_7	2017 or latest
Canada	Year_Indicator_2_7	2017 or latest
Switzerland	Year_Indicator_2_7	2017 or latest
Chile	Year_Indicator_2_7	2017 or latest
Czech Republic	Year_Indicator_2_7	2017 or latest
Germany	Year_Indicator_2_7	2017 or latest
Denmark	Year_Indicator_2_7	2017 or latest
Spain	Year_Indicator_2_7	2017 or latest
Estonia	Year_Indicator_2_7	2017 or latest
Finland	Year_Indicator_2_7	2017 or latest
France	Year_Indicator_2_7	2017 or latest
United Kingdom	Year_Indicator_2_7	2017 or latest
Grèce	Year_Indicator_2_7	2017 or latest
Hungary	Year_Indicator_2_7	2017 or latest
Ireland	Year_Indicator_2_7	2017 or latest
Iceland	Year_Indicator_2_7	2017 or latest
Israel	Year_Indicator_2_7	2017 or latest
Italy	Year_Indicator_2_7	2017 or latest
Japan	Year_Indicator_2_7	2017 or latest
Korea	Year_Indicator_2_7	2017 or latest
Lithuania	Year_Indicator_2_7	2017 or latest
Luxembourg	Year_Indicator_2_7	2017 or latest
Latvia	Year_Indicator_2_7	2017 or latest
Mexico	Year_Indicator_2_7	2017 or latest
Netherlands	Year_Indicator_2_7	2017 or latest
Norway	Year_Indicator_2_7	2017 or latest
New Zealand	Year_Indicator_2_7	2017 or latest
Poland	Year_Indicator_2_7	2017 or latest
Portugal	Year_Indicator_2_7	2017 or latest
Slovak Republic	Year_Indicator_2_7	2017 or latest
Slovenia	Year_Indicator_2_7	2017 or latest
Sweden	Year_Indicator_2_7	2017 or latest
Turkey	Year_Indicator_2_7	2017 or latest
United States	Year_Indicator_2_7	2017 or latest
OECD	Indicator_3_1	12.9466
Australia	Indicator_3_1	11.6884
Austria	Indicator_3_1	15.8931
Belgium	Indicator_3_1	19.2576
Canada	Indicator_3_1	8.769
Switzerland	Indicator_3_1	15.609
Chile	Indicator_3_1	16.8946
Czech Republic	Indicator_3_1	18.8209
Germany	Indicator_3_1	15.8392
Denmark	Indicator_3_1	10.4222
Spain	Indicator_3_1	13.3802
Estonia	Indicator_3_1	7.8479
Finland	Indicator_3_1	10.0078
France	Indicator_3_1	20.3476
United Kingdom	Indicator_3_1	10.535
Grèce	Indicator_3_1	12.5428
Hungary	Indicator_3_1	21.3971
Ireland	Indicator_3_1	12.6696
Iceland	Indicator_3_1	4.9224
Israel	Indicator_3_1	11.1693
Italy	Indicator_3_1	9.6432
Japan	Indicator_3_1	10.0614
Korea	Indicator_3_1	10.1094
Lithuania	Indicator_3_1	11.5622
Luxembourg	Indicator_3_1	20.8056
Latvia	Indicator_3_1	8.7376
Mexico	Indicator_3_1	10.9402
Netherlands	Indicator_3_1	12.5245
Norway	Indicator_3_1	8.2033
New Zealand	Indicator_3_1	13.6416
Poland	Indicator_3_1	13.3638
Portugal	Indicator_3_1	14.9075
Slovak Republic	Indicator_3_1	15.9721
Slovenia	Indicator_3_1	13.4862
Sweden	Indicator_3_1	12.2485
Turkey	Indicator_3_1	9.0405
United States	Indicator_3_1	11.4319
OECD	Year_Indicator_3_1	2015
Australia	Year_Indicator_3_1	2015
Austria	Year_Indicator_3_1	2015
Belgium	Year_Indicator_3_1	2015
Canada	Year_Indicator_3_1	2015
Switzerland	Year_Indicator_3_1	2015
Chile	Year_Indicator_3_1	2015
Czech Republic	Year_Indicator_3_1	2015
Germany	Year_Indicator_3_1	2015
Denmark	Year_Indicator_3_1	2015
Spain	Year_Indicator_3_1	2015
Estonia	Year_Indicator_3_1	2015
Finland	Year_Indicator_3_1	2015
France	Year_Indicator_3_1	2015
United Kingdom	Year_Indicator_3_1	2015
Grèce	Year_Indicator_3_1	2015
Hungary	Year_Indicator_3_1	2015
Ireland	Year_Indicator_3_1	2015
Iceland	Year_Indicator_3_1	2015
Israel	Year_Indicator_3_1	2015
Italy	Year_Indicator_3_1	2015
Japan	Year_Indicator_3_1	2015
Korea	Year_Indicator_3_1	2015
Lithuania	Year_Indicator_3_1	2015
Luxembourg	Year_Indicator_3_1	2015
Latvia	Year_Indicator_3_1	2015
Mexico	Year_Indicator_3_1	2015
Netherlands	Year_Indicator_3_1	2015
Norway	Year_Indicator_3_1	2015
New Zealand	Year_Indicator_3_1	2015
Poland	Year_Indicator_3_1	2015
Portugal	Year_Indicator_3_1	2015
Slovak Republic	Year_Indicator_3_1	2015
Slovenia	Year_Indicator_3_1	2015
Sweden	Year_Indicator_3_1	2015
Turkey	Year_Indicator_3_1	2015
United States	Year_Indicator_3_1	2015
OECD	Indicator_3_2	0.3837
Australia	Indicator_3_2	0.35
Austria	Indicator_3_2	0.479
Belgium	Indicator_3_2	0.346
Canada	Indicator_3_2	0.32
Switzerland	Indicator_3_2	0.455
Chile	Indicator_3_2	0.532
Czech Republic	Indicator_3_2	NA
Germany	Indicator_3_2	0.5514
Denmark	Indicator_3_2	0.121
Spain	Indicator_3_2	0.28
Estonia	Indicator_3_2	NA
Finland	Indicator_3_2	0.189
France	Indicator_3_2	0.53
United Kingdom	Indicator_3_2	0.439
Grèce	Indicator_3_2	0.316
Hungary	Indicator_3_2	0.621
Ireland	Indicator_3_2	0.395
Iceland	Indicator_3_2	NA
Israel	Indicator_3_2	NA
Italy	Indicator_3_2	0.435
Japan	Indicator_3_2	0.35
Korea	Indicator_3_2	0.4
Lithuania	Indicator_3_2	NA
Luxembourg	Indicator_3_2	0.665
Latvia	Indicator_3_2	NA
Mexico	Indicator_3_2	NA
Netherlands	Indicator_3_2	0.39
Norway	Indicator_3_2	0.156
New Zealand	Indicator_3_2	0.29
Poland	Indicator_3_2	NA
Portugal	Indicator_3_2	0.387
Slovak Republic	Indicator_3_2	NA
Slovenia	Indicator_3_2	NA
Sweden	Indicator_3_2	0.258
Turkey	Indicator_3_2	0.31
United States	Indicator_3_2	0.4104
OECD	Year_Indicator_3_2	Late 2000's
Australia	Year_Indicator_3_2	Late 2000's
Austria	Year_Indicator_3_2	Late 2000's
Belgium	Year_Indicator_3_2	Late 2000's
Canada	Year_Indicator_3_2	Late 2000's
Switzerland	Year_Indicator_3_2	Late 2000's
Chile	Year_Indicator_3_2	Late 2000's
Czech Republic	Year_Indicator_3_2	Late 2000's
Germany	Year_Indicator_3_2	Late 2000's
Denmark	Year_Indicator_3_2	Late 2000's
Spain	Year_Indicator_3_2	Late 2000's
Estonia	Year_Indicator_3_2	Late 2000's
Finland	Year_Indicator_3_2	Late 2000's
France	Year_Indicator_3_2	Late 2000's
United Kingdom	Year_Indicator_3_2	Late 2000's
Grèce	Year_Indicator_3_2	Late 2000's
Hungary	Year_Indicator_3_2	Late 2000's
Ireland	Year_Indicator_3_2	Late 2000's
Iceland	Year_Indicator_3_2	Late 2000's
Israel	Year_Indicator_3_2	Late 2000's
Italy	Year_Indicator_3_2	Late 2000's
Japan	Year_Indicator_3_2	Late 2000's
Korea	Year_Indicator_3_2	Late 2000's
Lithuania	Year_Indicator_3_2	Late 2000's
Luxembourg	Year_Indicator_3_2	Late 2000's
Latvia	Year_Indicator_3_2	Late 2000's
Mexico	Year_Indicator_3_2	Late 2000's
Netherlands	Year_Indicator_3_2	Late 2000's
Norway	Year_Indicator_3_2	Late 2000's
New Zealand	Year_Indicator_3_2	Late 2000's
Poland	Year_Indicator_3_2	Late 2000's
Portugal	Year_Indicator_3_2	Late 2000's
Slovak Republic	Year_Indicator_3_2	Late 2000's
Slovenia	Year_Indicator_3_2	Late 2000's
Sweden	Year_Indicator_3_2	Late 2000's
Turkey	Year_Indicator_3_2	Late 2000's
United States	Year_Indicator_3_2	Late 2000's
OECD	Indicator_3_3	33.7
Australia	Indicator_3_3	39
Austria	Indicator_3_3	20.2
Belgium	Indicator_3_3	59.8
Canada	Indicator_3_3	NA
Switzerland	Indicator_3_3	38
Chile	Indicator_3_3	19.8
Czech Republic	Indicator_3_3	6.8
Germany	Indicator_3_3	37.3
Denmark	Indicator_3_3	61.8
Spain	Indicator_3_3	34.8
Estonia	Indicator_3_3	28.5
Finland	Indicator_3_3	30.5
France	Indicator_3_3	56.7
United Kingdom	Indicator_3_3	31.5
Grèce	Indicator_3_3	11.5
Hungary	Indicator_3_3	16.7
Ireland	Indicator_3_3	16.6
Iceland	Indicator_3_3	59.7
Israel	Indicator_3_3	56.3
Italy	Indicator_3_3	35.5
Japan	Indicator_3_3	22.5
Korea	Indicator_3_3	53.4
Lithuania	Indicator_3_3	23.1
Luxembourg	Indicator_3_3	53.1
Latvia	Indicator_3_3	26.4
Mexico	Indicator_3_3	2.5
Netherlands	Indicator_3_3	55.9
Norway	Indicator_3_3	55.3
New Zealand	Indicator_3_3	42.7
Poland	Indicator_3_3	12.2
Portugal	Indicator_3_3	36.3
Slovak Republic	Indicator_3_3	5.4
Slovenia	Indicator_3_3	38.7
Sweden	Indicator_3_3	46.5
Turkey	Indicator_3_3	0.3
United States	Indicator_3_3	NA
OECD	Evo_Indicator_3_3	5.59
Australia	Evo_Indicator_3_3	1
Austria	Evo_Indicator_3_3	7.7
Belgium	Evo_Indicator_3_3	NA
Canada	Evo_Indicator_3_3	NA
Switzerland	Evo_Indicator_3_3	4.8
Chile	Evo_Indicator_3_3	NA
Czech Republic	Evo_Indicator_3_3	NA
Germany	Evo_Indicator_3_3	10.5
Denmark	Evo_Indicator_3_3	NA
Spain	Evo_Indicator_3_3	8.5
Estonia	Evo_Indicator_3_3	5.7
Finland	Evo_Indicator_3_3	3.9
France	Evo_Indicator_3_3	5.7
United Kingdom	Evo_Indicator_3_3	-7.6
Grèce	Evo_Indicator_3_3	0.2
Hungary	Evo_Indicator_3_3	7.1
Ireland	Evo_Indicator_3_3	NA
Iceland	Evo_Indicator_3_3	4.9
Israel	Evo_Indicator_3_3	NA
Italy	Evo_Indicator_3_3	8.1
Japan	Evo_Indicator_3_3	3.6
Korea	Evo_Indicator_3_3	15.2
Lithuania	Evo_Indicator_3_3	7.5
Luxembourg	Evo_Indicator_3_3	2.1
Latvia	Evo_Indicator_3_3	8.4
Mexico	Evo_Indicator_3_3	0
Netherlands	Evo_Indicator_3_3	NA
Norway	Evo_Indicator_3_3	2.7
New Zealand	Evo_Indicator_3_3	NA
Poland	Evo_Indicator_3_3	8.4
Portugal	Evo_Indicator_3_3	9.2
Slovak Republic	Evo_Indicator_3_3	2.6
Slovenia	Evo_Indicator_3_3	4.7
Sweden	Evo_Indicator_3_3	0
Turkey	Evo_Indicator_3_3	0.3
United States	Evo_Indicator_3_3	NA
OECD	Year_Indicator_3_3	2016 or latest
Australia	Year_Indicator_3_3	2016 or latest
Austria	Year_Indicator_3_3	2016 or latest
Belgium	Year_Indicator_3_3	2016 or latest
Canada	Year_Indicator_3_3	2016 or latest
Switzerland	Year_Indicator_3_3	2016 or latest
Chile	Year_Indicator_3_3	2016 or latest
Czech Republic	Year_Indicator_3_3	2016 or latest
Germany	Year_Indicator_3_3	2016 or latest
Denmark	Year_Indicator_3_3	2016 or latest
Spain	Year_Indicator_3_3	2016 or latest
Estonia	Year_Indicator_3_3	2016 or latest
Finland	Year_Indicator_3_3	2016 or latest
France	Year_Indicator_3_3	2016 or latest
United Kingdom	Year_Indicator_3_3	2016 or latest
Grèce	Year_Indicator_3_3	2016 or latest
Hungary	Year_Indicator_3_3	2016 or latest
Ireland	Year_Indicator_3_3	2016 or latest
Iceland	Year_Indicator_3_3	2016 or latest
Israel	Year_Indicator_3_3	2016 or latest
Italy	Year_Indicator_3_3	2016 or latest
Japan	Year_Indicator_3_3	2016 or latest
Korea	Year_Indicator_3_3	2016 or latest
Lithuania	Year_Indicator_3_3	2016 or latest
Luxembourg	Year_Indicator_3_3	2016 or latest
Latvia	Year_Indicator_3_3	2016 or latest
Mexico	Year_Indicator_3_3	2016 or latest
Netherlands	Year_Indicator_3_3	2016 or latest
Norway	Year_Indicator_3_3	2016 or latest
New Zealand	Year_Indicator_3_3	2016 or latest
Poland	Year_Indicator_3_3	2016 or latest
Portugal	Year_Indicator_3_3	2016 or latest
Slovak Republic	Year_Indicator_3_3	2016 or latest
Slovenia	Year_Indicator_3_3	2016 or latest
Sweden	Year_Indicator_3_3	2016 or latest
Turkey	Year_Indicator_3_3	2016 or latest
United States	Year_Indicator_3_3	2016 or latest
OECD	Indicator_3_4	13.33732
Australia	Indicator_3_4	10.94613
Austria	Indicator_3_4	10.8068
Belgium	Indicator_3_4	13.24101
Canada	Indicator_3_4	12.15008
Switzerland	Indicator_3_4	8.40021
Chile	Indicator_3_4	17.97114
Czech Republic	Indicator_3_4	10.90666
Germany	Indicator_3_4	9.34323
Denmark	Indicator_3_4	11.76426
Spain	Indicator_3_4	19.8698
Estonia	Indicator_3_4	11.75109
Finland	Indicator_3_4	12.60504
France	Indicator_3_4	16.5467
United Kingdom	Indicator_3_4	12.19137
Grèce	Indicator_3_4	22.75212
Hungary	Indicator_3_4	14.01592
Ireland	Indicator_3_4	13.1054
Iceland	Indicator_3_4	4.90179
Israel	Indicator_3_4	13.56229
Italy	Indicator_3_4	25.11275
Japan	Indicator_3_4	9.82422
Korea	Indicator_3_4	NA
Lithuania	Indicator_3_4	11.22066
Luxembourg	Indicator_3_4	7.74154
Latvia	Indicator_3_4	13.85772
Mexico	Indicator_3_4	21.19843
Netherlands	Indicator_3_4	7.54931
Norway	Indicator_3_4	8.81671
New Zealand	Indicator_3_4	11.17324
Poland	Indicator_3_4	13.25548
Portugal	Indicator_3_4	12.4303
Slovak Republic	Indicator_3_4	16.21669
Slovenia	Indicator_3_4	10.91483
Sweden	Indicator_3_4	8.04163
Turkey	Indicator_3_4	27.22415
United States	Indicator_3_4	13.28072
OECD	Evo_Indicator_3_4	-2.527567911
Australia	Evo_Indicator_3_4	-0.570387
Austria	Evo_Indicator_3_4	0.541502
Belgium	Evo_Indicator_3_4	-0.652244
Canada	Evo_Indicator_3_4	-1.2227
Switzerland	Evo_Indicator_3_4	-2.3029428
Chile	Evo_Indicator_3_4	-3.783537
Czech Republic	Evo_Indicator_3_4	-1.842209
Germany	Evo_Indicator_3_4	-1.6557118
Denmark	Evo_Indicator_3_4	0.781798
Spain	Evo_Indicator_3_4	-4.443423
Estonia	Evo_Indicator_3_4	-3.403377
Finland	Evo_Indicator_3_4	0.848218
France	Evo_Indicator_3_4	0.139201
United Kingdom	Evo_Indicator_3_4	-3.310117
Grèce	Evo_Indicator_3_4	1.157251
Hungary	Evo_Indicator_3_4	-4.515086
Ireland	Evo_Indicator_3_4	-8.817469
Iceland	Evo_Indicator_3_4	-4.8527942
Israel	Evo_Indicator_3_4	-14.068183
Italy	Evo_Indicator_3_4	1.954981
Japan	Evo_Indicator_3_4	-1.8816812
Korea	Evo_Indicator_3_4	NA
Lithuania	Evo_Indicator_3_4	-6.789991
Luxembourg	Evo_Indicator_3_4	0.5038628
Latvia	Evo_Indicator_3_4	-5.704852
Mexico	Evo_Indicator_3_4	-2.821974
Netherlands	Evo_Indicator_3_4	0.6740913
Norway	Evo_Indicator_3_4	0.3589945
New Zealand	Evo_Indicator_3_4	-3.08941
Poland	Evo_Indicator_3_4	-2.220492
Portugal	Evo_Indicator_3_4	-2.858018
Slovak Republic	Evo_Indicator_3_4	-2.90338
Slovenia	Evo_Indicator_3_4	0.170481
Sweden	Evo_Indicator_3_4	-1.0140256
Turkey	Evo_Indicator_3_4	-7.399318
United States	Evo_Indicator_3_4	-2.572631
OECD	Year_Indicator_3_4	2017
Australia	Year_Indicator_3_4	2017
Austria	Year_Indicator_3_4	2017
Belgium	Year_Indicator_3_4	2017
Canada	Year_Indicator_3_4	2017
Switzerland	Year_Indicator_3_4	2017
Chile	Year_Indicator_3_4	2015
Czech Republic	Year_Indicator_3_4	2017
Germany	Year_Indicator_3_4	2017
Denmark	Year_Indicator_3_4	2017
Spain	Year_Indicator_3_4	2017
Estonia	Year_Indicator_3_4	2017
Finland	Year_Indicator_3_4	2017
France	Year_Indicator_3_4	2017
United Kingdom	Year_Indicator_3_4	2017
Grèce	Year_Indicator_3_4	2017
Hungary	Year_Indicator_3_4	2017
Ireland	Year_Indicator_3_4	2017
Iceland	Year_Indicator_3_4	2017
Israel	Year_Indicator_3_4	2017
Italy	Year_Indicator_3_4	2017
Japan	Year_Indicator_3_4	2014
Korea	Year_Indicator_3_4	NA
Lithuania	Year_Indicator_3_4	2017
Luxembourg	Year_Indicator_3_4	2017
Latvia	Year_Indicator_3_4	2017
Mexico	Year_Indicator_3_4	2017
Netherlands	Year_Indicator_3_4	2017
Norway	Year_Indicator_3_4	2017
New Zealand	Year_Indicator_3_4	2017
Poland	Year_Indicator_3_4	2017
Portugal	Year_Indicator_3_4	2017
Slovak Republic	Year_Indicator_3_4	2017
Slovenia	Year_Indicator_3_4	2017
Sweden	Year_Indicator_3_4	2017
Turkey	Year_Indicator_3_4	2017
United States	Year_Indicator_3_4	2017
OECD	Indicator_3_5	0.26616
Australia	Indicator_3_5	0.21531
Austria	Indicator_3_5	0.19092
Belgium	Indicator_3_5	NA
Canada	Indicator_3_5	0.25124
Switzerland	Indicator_3_5	NA
Chile	Indicator_3_5	0.67064
Czech Republic	Indicator_3_5	0.16915
Germany	Indicator_3_5	0.22577
Denmark	Indicator_3_5	0.19097
Spain	Indicator_3_5	0.35663
Estonia	Indicator_3_5	0.18216
Finland	Indicator_3_5	0.15392
France	Indicator_3_5	0.31458
United Kingdom	Indicator_3_5	NA
Grèce	Indicator_3_5	0.35538
Hungary	Indicator_3_5	NA
Ireland	Indicator_3_5	0.27744
Iceland	Indicator_3_5	0.36309
Israel	Indicator_3_5	NA
Italy	Indicator_3_5	0.38027
Japan	Indicator_3_5	0.09087
Korea	Indicator_3_5	0.20582
Lithuania	Indicator_3_5	0.21145
Luxembourg	Indicator_3_5	NA
Latvia	Indicator_3_5	NA
Mexico	Indicator_3_5	NA
Netherlands	Indicator_3_5	0.15587
Norway	Indicator_3_5	0.16858
New Zealand	Indicator_3_5	0.2065
Poland	Indicator_3_5	0.2738
Portugal	Indicator_3_5	NA
Slovak Republic	Indicator_3_5	0.16462
Slovenia	Indicator_3_5	0.31183
Sweden	Indicator_3_5	0.17526
Turkey	Indicator_3_5	0.56916
United States	Indicator_3_5	0.30045
OECD	Year_Indicator_3_5	2015
Australia	Year_Indicator_3_5	2015
Austria	Year_Indicator_3_5	2015
Belgium	Year_Indicator_3_5	2015
Canada	Year_Indicator_3_5	2015
Switzerland	Year_Indicator_3_5	2015
Chile	Year_Indicator_3_5	2015
Czech Republic	Year_Indicator_3_5	2015
Germany	Year_Indicator_3_5	2015
Denmark	Year_Indicator_3_5	2015
Spain	Year_Indicator_3_5	2015
Estonia	Year_Indicator_3_5	2015
Finland	Year_Indicator_3_5	2015
France	Year_Indicator_3_5	2015
United Kingdom	Year_Indicator_3_5	2015
Grèce	Year_Indicator_3_5	2015
Hungary	Year_Indicator_3_5	2015
Ireland	Year_Indicator_3_5	2015
Iceland	Year_Indicator_3_5	2015
Israel	Year_Indicator_3_5	2015
Italy	Year_Indicator_3_5	2015
Japan	Year_Indicator_3_5	2015
Korea	Year_Indicator_3_5	2015
Lithuania	Year_Indicator_3_5	2015
Luxembourg	Year_Indicator_3_5	2015
Latvia	Year_Indicator_3_5	2015
Mexico	Year_Indicator_3_5	2015
Netherlands	Year_Indicator_3_5	2015
Norway	Year_Indicator_3_5	2015
New Zealand	Year_Indicator_3_5	2015
Poland	Year_Indicator_3_5	2015
Portugal	Year_Indicator_3_5	2015
Slovak Republic	Year_Indicator_3_5	2015
Slovenia	Year_Indicator_3_5	2015
Sweden	Year_Indicator_3_5	2015
Turkey	Year_Indicator_3_5	2015
United States	Year_Indicator_3_5	2015
OECD	Indicator_3_6	0.29013
Australia	Indicator_3_6	0.32937
Austria	Indicator_3_6	0.25892
Belgium	Indicator_3_6	0.27208
Canada	Indicator_3_6	0.3871
Switzerland	Indicator_3_6	0.29069
Chile	Indicator_3_6	0.14624
Czech Republic	Indicator_3_6	0.24928
Germany	Indicator_3_6	0.33507
Denmark	Indicator_3_6	0.27509
Spain	Indicator_3_6	0.3918
Estonia	Indicator_3_6	0.48283
Finland	Indicator_3_6	0.42758
France	Indicator_3_6	0.2665
United Kingdom	Indicator_3_6	0.3544
Grèce	Indicator_3_6	0.18072
Hungary	Indicator_3_6	0.19323
Ireland	Indicator_3_6	0.29588
Iceland	Indicator_3_6	0.17005
Israel	Indicator_3_6	0.15722
Italy	Indicator_3_6	0.26553
Japan	Indicator_3_6	0.48788
Korea	Indicator_3_6	0.40356
Lithuania	Indicator_3_6	0.23103
Luxembourg	Indicator_3_6	0.20733
Latvia	Indicator_3_6	0.35241
Mexico	Indicator_3_6	0.12835
Netherlands	Indicator_3_6	0.30687
Norway	Indicator_3_6	0.26468
New Zealand	Indicator_3_6	0.30403
Poland	Indicator_3_6	0.34571
Portugal	Indicator_3_6	0.38065
Slovak Republic	Indicator_3_6	0.17536
Slovenia	Indicator_3_6	0.34611
Sweden	Indicator_3_6	0.24654
Turkey	Indicator_3_6	0.21835
United States	Indicator_3_6	0.31623
OECD	Year_Indicator_3_6	2015
Australia	Year_Indicator_3_6	2015
Austria	Year_Indicator_3_6	2015
Belgium	Year_Indicator_3_6	2015
Canada	Year_Indicator_3_6	2015
Switzerland	Year_Indicator_3_6	2015
Chile	Year_Indicator_3_6	2015
Czech Republic	Year_Indicator_3_6	2015
Germany	Year_Indicator_3_6	2015
Denmark	Year_Indicator_3_6	2015
Spain	Year_Indicator_3_6	2015
Estonia	Year_Indicator_3_6	2015
Finland	Year_Indicator_3_6	2015
France	Year_Indicator_3_6	2015
United Kingdom	Year_Indicator_3_6	2015
Grèce	Year_Indicator_3_6	2015
Hungary	Year_Indicator_3_6	2015
Ireland	Year_Indicator_3_6	2015
Iceland	Year_Indicator_3_6	2015
Israel	Year_Indicator_3_6	2015
Italy	Year_Indicator_3_6	2015
Japan	Year_Indicator_3_6	2015
Korea	Year_Indicator_3_6	2015
Lithuania	Year_Indicator_3_6	2015
Luxembourg	Year_Indicator_3_6	2015
Latvia	Year_Indicator_3_6	2015
Mexico	Year_Indicator_3_6	2015
Netherlands	Year_Indicator_3_6	2015
Norway	Year_Indicator_3_6	2015
New Zealand	Year_Indicator_3_6	2015
Poland	Year_Indicator_3_6	2015
Portugal	Year_Indicator_3_6	2015
Slovak Republic	Year_Indicator_3_6	2015
Slovenia	Year_Indicator_3_6	2015
Sweden	Year_Indicator_3_6	2015
Turkey	Year_Indicator_3_6	2015
United States	Year_Indicator_3_6	2015
OECD	Indicator_4_1	0.4177
Australia	Indicator_4_1	0.45
Austria	Indicator_4_1	0.43
Belgium	Indicator_4_1	0.42
Canada	Indicator_4_1	0.62
Switzerland	Indicator_4_1	0.8
Chile	Indicator_4_1	0.2035
Czech Republic	Indicator_4_1	0.42
Germany	Indicator_4_1	0.55
Denmark	Indicator_4_1	0.47
Spain	Indicator_4_1	0.3
Estonia	Indicator_4_1	0.3398
Finland	Indicator_4_1	0.49
France	Indicator_4_1	0.28
United Kingdom	Indicator_4_1	0.41
Grèce	Indicator_4_1	0.13
Hungary	Indicator_4_1	0.3
Ireland	Indicator_4_1	0.57
Iceland	Indicator_4_1	0.36
Israel	Indicator_4_1	0.44
Italy	Indicator_4_1	0.24
Japan	Indicator_4_1	0.36
Korea	Indicator_4_1	0.24
Lithuania	Indicator_4_1	NA
Luxembourg	Indicator_4_1	0.68
Latvia	Indicator_4_1	0.3153
Mexico	Indicator_4_1	0.28
Netherlands	Indicator_4_1	0.57
Norway	Indicator_4_1	0.66
New Zealand	Indicator_4_1	0.57
Poland	Indicator_4_1	0.38
Portugal	Indicator_4_1	0.35
Slovak Republic	Indicator_4_1	0.37
Slovenia	Indicator_4_1	0.25
Sweden	Indicator_4_1	0.49
Turkey	Indicator_4_1	0.58
United States	Indicator_4_1	0.3
OECD	Evo_Indicator_4_1	-0.0298
Australia	Evo_Indicator_4_1	-0.08
Austria	Evo_Indicator_4_1	-0.07
Belgium	Evo_Indicator_4_1	-0.18
Canada	Evo_Indicator_4_1	-0.02
Switzerland	Evo_Indicator_4_1	0.17
Chile	Evo_Indicator_4_1	-0.2265
Czech Republic	Evo_Indicator_4_1	0.15
Germany	Evo_Indicator_4_1	0.2
Denmark	Evo_Indicator_4_1	-0.12
Spain	Evo_Indicator_4_1	-0.18
Estonia	Evo_Indicator_4_1	-0.0802
Finland	Evo_Indicator_4_1	-0.27
France	Evo_Indicator_4_1	-0.08
United Kingdom	Evo_Indicator_4_1	0.05
Grèce	Evo_Indicator_4_1	-0.25
Hungary	Evo_Indicator_4_1	0.05
Ireland	Evo_Indicator_4_1	-0.06
Iceland	Evo_Indicator_4_1	0.12
Israel	Evo_Indicator_4_1	0.22
Italy	Evo_Indicator_4_1	-0.06
Japan	Evo_Indicator_4_1	0.12
Korea	Evo_Indicator_4_1	0
Lithuania	Evo_Indicator_4_1	NA
Luxembourg	Evo_Indicator_4_1	-0.14
Latvia	Evo_Indicator_4_1	0.0353
Mexico	Evo_Indicator_4_1	-0.14
Netherlands	Evo_Indicator_4_1	-0.09
Norway	Evo_Indicator_4_1	-0.02
New Zealand	Evo_Indicator_4_1	-0.02
Poland	Evo_Indicator_4_1	0.19
Portugal	Evo_Indicator_4_1	-0.1
Slovak Republic	Evo_Indicator_4_1	0.21
Slovenia	Evo_Indicator_4_1	-0.23
Sweden	Evo_Indicator_4_1	-0.07
Turkey	Evo_Indicator_4_1	0.02
United States	Evo_Indicator_4_1	-0.09
OECD	Year_Indicator_4_1	2016
Australia	Year_Indicator_4_1	2016
Austria	Year_Indicator_4_1	2016
Belgium	Year_Indicator_4_1	2016
Canada	Year_Indicator_4_1	2016
Switzerland	Year_Indicator_4_1	2016
Chile	Year_Indicator_4_1	2016
Czech Republic	Year_Indicator_4_1	2016
Germany	Year_Indicator_4_1	2016
Denmark	Year_Indicator_4_1	2016
Spain	Year_Indicator_4_1	2016
Estonia	Year_Indicator_4_1	2016
Finland	Year_Indicator_4_1	2016
France	Year_Indicator_4_1	2016
United Kingdom	Year_Indicator_4_1	2016
Grèce	Year_Indicator_4_1	2016
Hungary	Year_Indicator_4_1	2016
Ireland	Year_Indicator_4_1	2016
Iceland	Year_Indicator_4_1	2016
Israel	Year_Indicator_4_1	2016
Italy	Year_Indicator_4_1	2016
Japan	Year_Indicator_4_1	2016
Korea	Year_Indicator_4_1	2016
Lithuania	Year_Indicator_4_1	2016
Luxembourg	Year_Indicator_4_1	2016
Latvia	Year_Indicator_4_1	2016
Mexico	Year_Indicator_4_1	2016
Netherlands	Year_Indicator_4_1	2016
Norway	Year_Indicator_4_1	2016
New Zealand	Year_Indicator_4_1	2016
Poland	Year_Indicator_4_1	2016
Portugal	Year_Indicator_4_1	2016
Slovak Republic	Year_Indicator_4_1	2016
Slovenia	Year_Indicator_4_1	2016
Sweden	Year_Indicator_4_1	2016
Turkey	Year_Indicator_4_1	2016
United States	Year_Indicator_4_1	2016
OECD	Indicator_4_2	68.274
Australia	Indicator_4_2	91.01
Austria	Indicator_4_2	80
Belgium	Indicator_4_2	89.37
Canada	Indicator_4_2	68.28
Switzerland	Indicator_4_2	48.51
Chile	Indicator_4_2	46.53
Czech Republic	Indicator_4_2	60.84
Germany	Indicator_4_2	76.15
Denmark	Indicator_4_2	85.89
Spain	Indicator_4_2	69.84
Estonia	Indicator_4_2	64.23
Finland	Indicator_4_2	66.76
France	Indicator_4_2	74.56
United Kingdom	Indicator_4_2	68.93
Grèce	Indicator_4_2	63.94
Hungary	Indicator_4_2	69.67
Ireland	Indicator_4_2	65.09
Iceland	Indicator_4_2	79.18
Israel	Indicator_4_2	72.34
Italy	Indicator_4_2	72.93
Japan	Indicator_4_2	52.66
Korea	Indicator_4_2	77.2
Lithuania	Indicator_4_2	50.64
Luxembourg	Indicator_4_2	89.66
Latvia	Indicator_4_2	54.58
Mexico	Indicator_4_2	63.43
Netherlands	Indicator_4_2	81.93
Norway	Indicator_4_2	78.22
New Zealand	Indicator_4_2	79.75
Poland	Indicator_4_2	55.34
Portugal	Indicator_4_2	50.92
Slovak Republic	Indicator_4_2	59.82
Slovenia	Indicator_4_2	52.64
Sweden	Indicator_4_2	87.18
Turkey	Indicator_4_2	86.22
United States	Indicator_4_2	65.44
OECD	Evo_Indicator_4_2	-0.052
Australia	Evo_Indicator_4_2	-2.21
Austria	Evo_Indicator_4_2	NA
Belgium	Evo_Indicator_4_2	0.15
Canada	Evo_Indicator_4_2	7.17
Switzerland	Evo_Indicator_4_2	-0.99
Chile	Evo_Indicator_4_2	NA
Czech Republic	Evo_Indicator_4_2	-1.76
Germany	Evo_Indicator_4_2	NA
Denmark	Evo_Indicator_4_2	-1.85
Spain	Evo_Indicator_4_2	0.9
Estonia	Evo_Indicator_4_2	0.7
Finland	Evo_Indicator_4_2	-2.1
France	Evo_Indicator_4_2	-5.79
United Kingdom	Evo_Indicator_4_2	3.16
Grèce	Evo_Indicator_4_2	1.47
Hungary	Evo_Indicator_4_2	5.29
Ireland	Evo_Indicator_4_2	-4.81
Iceland	Evo_Indicator_4_2	NA
Israel	Evo_Indicator_4_2	NA
Italy	Evo_Indicator_4_2	NA
Japan	Evo_Indicator_4_2	-6.66
Korea	Evo_Indicator_4_2	1.36
Lithuania	Evo_Indicator_4_2	-2.29
Luxembourg	Evo_Indicator_4_2	NA
Latvia	Evo_Indicator_4_2	-4.91
Mexico	Evo_Indicator_4_2	0.29
Netherlands	Evo_Indicator_4_2	6.95
Norway	Evo_Indicator_4_2	NA
New Zealand	Evo_Indicator_4_2	5.54
Poland	Evo_Indicator_4_2	6.42
Portugal	Evo_Indicator_4_2	-7.11
Slovak Republic	Evo_Indicator_4_2	0.845
Slovenia	Evo_Indicator_4_2	-12.96
Sweden	Evo_Indicator_4_2	2.55
Turkey	Evo_Indicator_4_2	-1.37
United States	Evo_Indicator_4_2	-1.22
OECD	Year_Indicator_4_2	2018
Australia	Year_Indicator_4_2	2018
Austria	Year_Indicator_4_2	2017
Belgium	Year_Indicator_4_2	2017
Canada	Year_Indicator_4_2	2015
Switzerland	Year_Indicator_4_2	2016
Chile	Year_Indicator_4_2	2016
Czech Republic	Year_Indicator_4_2	2015
Germany	Year_Indicator_4_2	2015
Denmark	Year_Indicator_4_2	2014
Spain	Year_Indicator_4_2	2016
Estonia	Year_Indicator_4_2	2015
Finland	Year_Indicator_4_2	2015
France	Year_Indicator_4_2	2015
United Kingdom	Year_Indicator_4_2	2017
Grèce	Year_Indicator_4_2	2017
Hungary	Year_Indicator_4_2	2017
Ireland	Year_Indicator_4_2	2015
Iceland	Year_Indicator_4_2	2015
Israel	Year_Indicator_4_2	2017
Italy	Year_Indicator_4_2	2018
Japan	Year_Indicator_4_2	2016
Korea	Year_Indicator_4_2	2015
Lithuania	Year_Indicator_4_2	2018
Luxembourg	Year_Indicator_4_2	2018
Latvia	Year_Indicator_4_2	2016
Mexico	Year_Indicator_4_2	2014
Netherlands	Year_Indicator_4_2	2016
Norway	Year_Indicator_4_2	2018
New Zealand	Year_Indicator_4_2	2016
Poland	Year_Indicator_4_2	2018
Portugal	Year_Indicator_4_2	2017
Slovak Republic	Year_Indicator_4_2	2015
Slovenia	Year_Indicator_4_2	2015
Sweden	Year_Indicator_4_2	2018
Turkey	Year_Indicator_4_2	2017
United States	Year_Indicator_4_2	2018
OECD	Indicator_4_3	0.294
Australia	Indicator_4_3	0.287
Austria	Indicator_4_3	0.344
Belgium	Indicator_4_3	0.38
Canada	Indicator_4_3	0.27
Switzerland	Indicator_4_3	0.325
Chile	Indicator_4_3	0.226
Czech Republic	Indicator_4_3	0.22
Germany	Indicator_4_3	0.307
Denmark	Indicator_4_3	0.374
Spain	Indicator_4_3	0.391
Estonia	Indicator_4_3	0.267
Finland	Indicator_4_3	0.42
France	Indicator_4_3	0.396
United Kingdom	Indicator_4_3	0.322
Grèce	Indicator_4_3	0.187
Hungary	Indicator_4_3	0.126
Ireland	Indicator_4_3	0.222
Iceland	Indicator_4_3	0.381
Israel	Indicator_4_3	0.275
Italy	Indicator_4_3	0.357
Japan	Indicator_4_3	0.101
Korea	Indicator_4_3	0.17
Lithuania	Indicator_4_3	0.213
Luxembourg	Indicator_4_3	0.2
Latvia	Indicator_4_3	0.31
Mexico	Indicator_4_3	0.482
Netherlands	Indicator_4_3	0.36
Norway	Indicator_4_3	0.414
New Zealand	Indicator_4_3	0.383
Poland	Indicator_4_3	0.28
Portugal	Indicator_4_3	0.348
Slovak Republic	Indicator_4_3	0.2
Slovenia	Indicator_4_3	0.244
Sweden	Indicator_4_3	0.461
Turkey	Indicator_4_3	0.174
United States	Indicator_4_3	0.196
OECD	Evo_Indicator_4_3	0.045
Australia	Evo_Indicator_4_3	0.04
Austria	Evo_Indicator_4_3	0.065
Belgium	Evo_Indicator_4_3	-0.013
Canada	Evo_Indicator_4_3	0.023
Switzerland	Evo_Indicator_4_3	0.04
Chile	Evo_Indicator_4_3	0.084
Czech Republic	Evo_Indicator_4_3	0
Germany	Evo_Indicator_4_3	-0.021
Denmark	Evo_Indicator_4_3	-0.017
Spain	Evo_Indicator_4_3	0.031
Estonia	Evo_Indicator_4_3	0.069
Finland	Evo_Indicator_4_3	-0.005
France	Evo_Indicator_4_3	0.207
United Kingdom	Evo_Indicator_4_3	0.102
Grèce	Evo_Indicator_4_3	0.014
Hungary	Evo_Indicator_4_3	0.035
Ireland	Evo_Indicator_4_3	0.071
Iceland	Evo_Indicator_4_3	-0.048
Israel	Evo_Indicator_4_3	0.083
Italy	Evo_Indicator_4_3	0.144
Japan	Evo_Indicator_4_3	-0.012
Korea	Evo_Indicator_4_3	0.023
Lithuania	Evo_Indicator_4_3	0.022
Luxembourg	Evo_Indicator_4_3	0
Latvia	Evo_Indicator_4_3	0.1
Mexico	Evo_Indicator_4_3	0.22
Netherlands	Evo_Indicator_4_3	-0.033
Norway	Evo_Indicator_4_3	0.018
New Zealand	Evo_Indicator_4_3	0.061
Poland	Evo_Indicator_4_3	0.041
Portugal	Evo_Indicator_4_3	0.083
Slovak Republic	Evo_Indicator_4_3	0.04
Slovenia	Evo_Indicator_4_3	0.1
Sweden	Evo_Indicator_4_3	0.011
Turkey	Evo_Indicator_4_3	0.032
United States	Evo_Indicator_4_3	0.028
OECD	Year_Indicator_4_3	2018
Australia	Year_Indicator_4_3	2018
Austria	Year_Indicator_4_3	2018
Belgium	Year_Indicator_4_3	2018
Canada	Year_Indicator_4_3	2018
Switzerland	Year_Indicator_4_3	2018
Chile	Year_Indicator_4_3	2018
Czech Republic	Year_Indicator_4_3	2018
Germany	Year_Indicator_4_3	2018
Denmark	Year_Indicator_4_3	2018
Spain	Year_Indicator_4_3	2018
Estonia	Year_Indicator_4_3	2018
Finland	Year_Indicator_4_3	2018
France	Year_Indicator_4_3	2018
United Kingdom	Year_Indicator_4_3	2018
Grèce	Year_Indicator_4_3	2018
Hungary	Year_Indicator_4_3	2018
Ireland	Year_Indicator_4_3	2018
Iceland	Year_Indicator_4_3	2018
Israel	Year_Indicator_4_3	2018
Italy	Year_Indicator_4_3	2018
Japan	Year_Indicator_4_3	2018
Korea	Year_Indicator_4_3	2018
Lithuania	Year_Indicator_4_3	2018
Luxembourg	Year_Indicator_4_3	2018
Latvia	Year_Indicator_4_3	2018
Mexico	Year_Indicator_4_3	2018
Netherlands	Year_Indicator_4_3	2018
Norway	Year_Indicator_4_3	2018
New Zealand	Year_Indicator_4_3	2018
Poland	Year_Indicator_4_3	2018
Portugal	Year_Indicator_4_3	2018
Slovak Republic	Year_Indicator_4_3	2018
Slovenia	Year_Indicator_4_3	2018
Sweden	Year_Indicator_4_3	2018
Turkey	Year_Indicator_4_3	2018
United States	Year_Indicator_4_3	2018
